ticker,yf_ticker,company_name,sector_sp500,industry_sp500,current_price,market_cap,analyst_target_mean,analyst_target_median,analyst_target_low,analyst_target_high,analyst_upside_pct,analyst_count,analyst_dispersion_pct,fundamental_target_mean,fundamental_upside_pct,target_price_pe,target_price_ev_ebitda,target_price_fcf,valuation_method_count,forward_pe,sector_forward_pe,forward_eps,fcf_yield_pct,revenue_growth_pct,earnings_growth_pct,ebitda_margin_pct,net_margin_pct,roe_pct,net_debt_ebitda,return_3m_pct,return_6m_pct,return_12m_pct,volatility_12m_pct,max_drawdown_12m_pct,ml_start_price,ml_target_price_12m,ml_predicted_return_12m_pct,ml_outperform_probability_pct,ml_rank_percentile,ml_signal,ml_forecast_date,ml_maturity_date,fundamental_score,analyst_score,ml_score,quality_score,consistency_score,risk_safety_score,data_completeness_pct,final_score,sp500_rank,final_rank_percentile,final_category,qualified_strong_candidate
ADSK,ADSK,Autodesk,Information Technology,Application Software,217.9,45541097472.0,315.36765,312.5,220.5,456.0,44.73,36.0,74.67,315.2,44.65,257.05,217.9,470.64,3,15.329524,18.08,14.2144,6.93,16.1,59.6,29.34,21.08,53.85,-0.2,-5.24,-16.51,-31.89,36.84,-42.56,217.9,295.01,35.39,63.68,85.37,STRONG,2026-09-07,2027-09-07,84.82999508814059,78.70403481613927,76.694,62.11267390540767,99.95,33.95371996205161,100.0,77.13,1,100.0,Güçlü Aday,True
MU,MU,Micron Technology,Information Technology,Semiconductors,1016.59,1148129771520.0,1513.1111,1540.0,361.0,2200.0,48.84,48.0,121.54,1407.7,38.47,2803.46,1208.9,210.72,3,6.5575776,18.08,155.02524,0.67,345.7,1368.5,75.57,55.91,66.64,-0.29,17.68,174.69,719.76,81.47,-39.1,1016.59,1704.26,67.65,60.24,97.6,STRONG,2026-09-07,2027-09-07,68.48168967963761,78.77987511950049,82.656,81.30506050101047,92.78,25.503102531215106,100.0,76.29,2,99.8,Güçlü Aday,True
ON,ON,ON Semiconductor,Information Technology,Semiconductors,74.38,28957517824.0,107.08,105.0,85.0,150.0,43.96,29.0,60.7,106.06,42.59,81.9,103.72,132.56,3,16.422688,18.08,4.5291,5.72,9.2,36.6,33.72,10.17,8.31,0.4,-36.57,30.79,54.76,61.42,-46.29,74.38,124.14,66.89,64.07,97.19,STRONG,2026-09-07,2027-09-07,82.98204442503956,78.04983219932879,83.942,42.81073899299033,99.04,23.22061945727562,100.0,74.83,3,99.6,Güçlü Aday,True
NXPI,NXPI,NXP Semiconductors,Information Technology,Semiconductors,227.84,57451827200.0,311.10345,310.0,190.0,400.0,36.55,30.0,67.5,377.37,65.63,327.23,365.69,439.2,3,12.590971,18.08,18.09511,6.19,19.5,72.6,38.44,22.56,27.92,1.53,-22.76,13.91,2.88,48.82,-32.92,227.84,320.37,40.61,55.77,88.98,NEUTRAL,2026-09-07,2027-09-07,87.4392839600502,76.00382401529605,75.696,64.50985782135275,80.75,19.925640654658267,100.0,74.73,4,99.4,Güçlü Aday,True
FSLR,FSLR,First Solar,Information Technology,Semiconductors,204.45,21972199424.0,275.30466,274.5,150.0,402.0,34.66,35.0,91.53,444.52,117.42,417.97,452.17,463.42,3,8.845697,18.08,23.11293,7.28,-3.7,23.3,44.36,32.46,18.51,-0.64,-26.72,8.05,1.28,52.79,-37.4,204.45,284.2,39.01,57.6,88.18,STRONG,2026-09-07,2027-09-07,94.34208371991487,74.03549614198457,75.94800000000001,56.03971635538044,52.98,30.406772721891944,100.0,72.6,5,99.2,Güçlü Aday,True
HPE,HPE,Hewlett Packard Enterprise,Information Technology,"Technology Hardware, Storage & Peripherals",52.0,69028167680.0,67.7795,67.5,52.0,88.0,30.35,23.0,53.11,95.12,82.92,82.39,91.75,111.2,3,11.412894,18.08,4.55625,6.86,33.7,410.2,16.46,6.67,10.94,2.05,6.0,148.41,129.2,53.29,-26.36,52.0,76.71,47.53,62.64,91.78,STRONG,2026-09-07,2027-09-07,90.77116192763194,69.21331685326741,80.124,50.42696863721283,66.43,25.583383057408156,100.0,72.05,6,99.01,Güçlü Aday,True
DECK,DECK,Deckers Brands,Consumer Discretionary,Footwear,85.81,11685765120.0,122.80952,120.0,85.0,184.0,43.12,26.0,80.61,147.42,71.8,140.3,142.78,159.18,3,10.26061,16.78,8.36305,7.46,5.7,1.1,24.01,18.36,42.56,-0.85,-20.64,-17.69,-30.75,44.87,-33.94,85.81,108.87,26.88,45.13,72.55,NEUTRAL,2026-09-07,2027-09-07,89.86142386973845,73.54921419685678,61.581999999999994,63.10117829544286,81.79,35.97584746922889,100.0,72.01,7,98.81,Güçlü Aday,True
INTU,INTU,Intuit,Information Technology,Application Software,332.7,91005763584.0,405.6,400.0,290.0,732.0,21.91,34.0,108.97,572.39,72.05,494.17,489.73,733.28,3,12.175089,18.08,27.32629,7.07,13.7,-0.8,31.93,21.29,23.6,0.17,12.61,-30.34,-49.66,48.4,-63.42,332.7,516.49,55.24,70.99,94.39,STRONG,2026-09-07,2027-09-07,90.12388800960541,62.49344997379989,85.03,51.41430338571494,65.89,20.550176717169737,100.0,71.62,8,98.61,Güçlü Aday,True
ALB,ALB,Albemarle Corporation,Materials,Specialty Chemicals,126.28,14901678080.0,172.564,172.5,83.28,225.0,36.65,22.0,82.13,225.51,78.58,176.8,141.35,358.4,3,11.177941,15.65,11.29725,8.95,31.1,,25.09,3.79,2.65,0.25,-18.55,-21.8,61.46,58.6,-47.38,126.28,161.6,27.97,59.84,74.95,NEUTRAL,2026-09-07,2027-09-07,93.18725099601593,67.5742702970812,68.906,65.6,73.4,28.731243799726688,93.75,71.29,9,98.41,Güçlü Aday,True
HON,HON,Honeywell Technologies,Industrials,Industrial Conglomerates,209.61,66433794048.0,263.4091,265.0,186.0,303.0,25.67,23.0,44.42,272.09,29.81,200.82,365.11,250.34,3,20.987717,20.11,9.98727,3.93,4.3,263.9,22.37,21.58,46.58,3.03,-6.31,-14.33,0.49,27.02,-20.11,209.61,265.3,26.57,42.85,70.94,NEUTRAL,2026-09-07,2027-09-07,77.66907055323011,67.87063148252594,59.704,70.81165601780874,96.76,46.959900745096846,100.0,70.56,10,98.21,Güçlü Aday,True
PTC,PTC,PTC Inc.,Information Technology,Application Software,141.02,15301554176.0,173.35,167.5,140.0,230.0,22.93,20.0,51.92,225.87,60.17,161.11,220.38,296.13,3,15.828528,18.08,8.90923,6.74,-6.8,-12.0,43.2,41.43,35.05,0.98,2.93,-13.33,-33.87,34.71,-47.48,141.02,199.22,41.27,62.64,89.18,STRONG,2026-09-07,2027-09-07,87.27009769142609,59.36743746974988,78.56400000000001,54.63223428679057,73.69,30.01338333957056,100.0,70.4,11,98.01,Güçlü Aday,True
BR,BR,Broadridge Financial Solutions,Industrials,Data Processing & Outsourced Services,172.88,19712090112.0,213.375,220.0,176.0,250.0,23.42,9.0,34.68,262.51,51.85,232.76,236.36,318.42,3,14.93458,20.11,11.57582,6.06,7.5,8.4,24.19,15.04,40.92,1.72,15.72,-10.56,-29.56,28.64,-45.97,172.88,220.84,27.74,57.53,74.55,NEUTRAL,2026-09-07,2027-09-07,86.72550305108679,58.233912935651745,67.74199999999999,63.824421603803614,79.35,46.40704213061724,100.0,70.09,12,97.81,Güçlü Aday,True
FIS,FIS,Fidelity National Information Services,Financials,Transaction & Payment Processing Services,41.89,21602920448.0,50.34783,50.0,37.0,77.0,20.19,28.0,79.45,74.5,77.85,89.38,46.33,87.79,3,6.2513337,13.34,6.70097,12.28,29.1,,28.88,27.65,22.35,5.82,3.46,-17.01,-37.06,32.39,-43.54,41.89,54.4,29.87,65.73,78.76,NEUTRAL,2026-09-07,2027-09-07,89.23794184962279,59.63611854447418,73.548,76.36841096415564,61.31,17.025573125486673,93.75,69.73,13,97.61,Güçlü Aday,True
GEV,GEV,GE Vernova,Industrials,Heavy Electrical Equipment,941.95,250872922112.0,1236.4318,1250.0,940.0,1450.0,31.26,37.0,41.25,860.45,-8.65,508.22,278.86,1794.28,3,37.267284,20.11,25.27552,6.27,21.9,32.8,9.49,23.04,82.58,-2.29,0.94,19.48,57.66,52.02,-24.57,941.95,1226.17,30.17,53.55,78.96,NEUTRAL,2026-09-07,2027-09-07,61.89318674668415,80.94788379153518,68.79599999999999,76.53030091719307,64.14,51.52831119252518,100.0,69.33,14,97.42,Olumlu,False
ZTS,ZTS,Zoetis,Health Care,Pharmaceuticals,75.81,31326480384.0,96.0,94.0,80.0,155.0,26.63,18.0,78.12,123.11,62.39,111.09,129.28,128.96,3,11.6069355,17.01,6.53144,6.44,-0.2,1.2,42.69,27.68,64.91,1.86,-3.9,-36.86,-49.57,37.59,-52.56,75.81,98.35,29.73,58.93,78.56,NEUTRAL,2026-09-07,2027-09-07,87.4069822405294,57.19034876139504,70.708,63.667789777555726,75.25,23.389097554813475,100.0,69.21,15,97.22,Güçlü Aday,True
LVS,LVS,Las Vegas Sands,Consumer Discretionary,Casinos & Gaming,44.37,28738500608.0,59.06842,60.0,47.0,71.5,33.13,21.0,41.48,74.84,68.67,59.07,80.46,84.99,3,12.601963,16.78,3.52088,7.7,-0.7,-19.8,33.81,12.59,122.87,2.57,-11.14,-16.21,-17.74,34.98,-35.85,44.37,53.79,21.23,48.55,55.11,NEUTRAL,2026-09-07,2027-09-07,89.4595530919799,72.14836859347437,52.486,60.88272487439925,76.44,35.884593305726554,100.0,68.49,16,97.02,Güçlü Aday,True
LMT,LMT,Lockheed Martin,Industrials,Aerospace & Defense,525.28,121229770752.0,632.9474,620.0,503.0,756.0,20.5,21.0,39.97,671.67,27.87,657.84,624.57,732.6,3,16.05548,20.11,32.71656,4.59,10.5,443.8,12.57,8.16,89.17,1.73,0.91,-20.81,17.95,28.1,-26.87,525.28,656.52,24.98,47.86,66.93,NEUTRAL,2026-09-07,2027-09-07,77.97871803923546,61.166404665618664,59.30200000000001,64.40997166547602,94.06,52.79158666457678,100.0,68.26,17,96.82,Güçlü Aday,True
XYL,XYL,Xylem Inc.,Industrials,Industrial Machinery & Supplies & Components,105.69,24677222400.0,153.875,159.5,129.0,180.0,45.59,21.0,33.14,137.62,30.21,125.58,133.19,154.1,3,16.922558,20.11,6.24551,4.8,1.5,19.5,21.67,11.15,9.18,0.9,-3.5,-13.51,-24.5,24.66,-30.04,105.69,128.67,21.74,47.26,58.12,NEUTRAL,2026-09-07,2027-09-07,79.81390892127692,79.8437593750375,53.775999999999996,43.3412079363423,88.85,63.361389777567055,100.0,67.92,18,96.62,Güçlü Aday,True
EXPE,EXPE,Expedia Group,Consumer Discretionary,"Hotels, Resorts & Cruise Lines",298.04,35771379712.0,339.80557,332.5,245.0,430.0,14.01,39.0,54.44,488.36,63.86,409.0,344.29,711.8,3,12.22492,16.78,24.37971,9.6,14.0,188.7,18.41,12.97,89.49,-0.5,30.4,19.82,38.67,49.56,-37.44,298.04,370.54,24.33,45.22,65.13,NEUTRAL,2026-09-07,2027-09-07,89.73150874761822,53.25177300709203,57.166,79.41128833820785,64.12,36.47342695203867,100.0,67.52,19,96.42,Güçlü Aday,True
PNR,PNR,Pentair,Industrials,Industrial Machinery & Supplies & Components,60.21,9609516032.0,76.30769,78.0,60.0,94.0,26.74,16.0,44.56,102.51,70.26,103.93,97.28,106.33,3,11.649076,20.11,5.16865,5.81,-17.0,-11.1,25.79,16.24,17.13,1.62,-17.33,-34.19,-44.62,32.5,-46.2,60.21,76.49,27.04,56.39,72.95,NEUTRAL,2026-09-07,2027-09-07,89.56578748297949,61.767167068668286,66.32600000000001,47.03820779453591,70.69,39.259777130753776,100.0,67.41,20,96.22,Güçlü Aday,True
EIX,EIX,Edison International,Utilities,Electric Utilities,56.77,21845889024.0,68.21429,66.5,50.0,86.0,20.16,17.0,52.77,105.09,85.11,109.05,193.66,12.56,3,8.726113,16.76,6.50576,0.38,-4.1,55.1,45.98,19.28,19.73,4.85,-21.66,-18.98,9.56,36.29,-32.84,56.77,71.13,25.3,40.14,67.33,NEUTRAL,2026-09-07,2027-09-07,92.61405988947436,52.765411061644244,56.45399999999999,77.38227660363367,57.44,43.741221299779056,100.0,67.36,21,96.02,Güçlü Aday,True
DD,DD,DuPont,Industrials,Industrial Conglomerates,131.59,17770305536.0,170.0,171.0,156.0,186.0,29.19,17.0,17.65,252.47,91.86,160.15,184.18,413.07,3,16.521526,20.11,7.96476,10.33,4.0,149.6,22.65,0.79,1.79,0.91,-5.96,-2.27,38.27,30.81,-17.31,131.59,157.79,19.91,44.98,46.89,NEUTRAL,2026-09-07,2027-09-07,94.8605577689243,75.61110244440978,46.126000000000005,46.28104523356584,60.96,74.00201411405462,100.0,67.11,22,95.83,Güçlü Aday,True
FICO,FICO,Fair Isaac,Information Technology,Application Software,932.26,20134612992.0,1463.8406,1530.0,696.0,1750.0,57.02,21.0,72.0,994.22,6.65,959.5,906.13,1117.02,3,17.570574,18.08,53.05803,3.85,25.7,41.2,52.78,34.05,,4.23,-18.03,-36.84,-38.62,56.68,-50.93,932.26,1406.07,50.82,62.19,92.59,STRONG,2026-09-07,2027-09-07,66.97538612672598,71.50708602834412,80.43,70.66807165437302,61.79,7.572464027158322,93.75,67.03,23,95.63,Güçlü Aday,True
JBL,JBL,Jabil,Information Technology,Electronic Manufacturing Services,310.57,32543727616.0,441.44443,450.0,365.0,482.0,42.14,10.0,26.5,363.74,17.12,304.46,426.56,360.21,3,18.446629,18.08,16.83614,3.72,11.8,27.6,7.14,2.57,65.88,1.08,-12.06,28.88,49.51,45.99,-25.54,310.57,421.16,35.61,54.07,85.57,NEUTRAL,2026-09-07,2027-09-07,70.88468045625716,74.26501706006823,72.97,37.27356026939112,80.7,45.840937028063586,100.0,66.77,24,95.43,Güçlü Aday,True
AKAM,AKAM,Akamai Technologies,Information Technology,Internet Services & Infrastructure,105.22,15121861632.0,155.12653,155.0,93.0,195.0,47.43,25.0,65.75,130.16,23.7,129.98,106.58,153.92,3,14.639325,18.08,7.18749,4.7,5.4,-26.8,24.98,9.51,8.92,5.54,-29.53,5.34,36.31,58.49,-34.78,105.22,149.18,41.78,58.84,89.38,STRONG,2026-09-07,2027-09-07,75.63608579381105,75.87754351017405,77.16399999999999,27.99608537845584,82.5,12.361103917576704,100.0,66.44,25,95.23,Güçlü Aday,True
QCOM,QCOM,Qualcomm,Information Technology,Semiconductors,168.74,180224524288.0,193.89655,175.0,100.0,400.0,14.91,36.0,154.72,232.85,38.0,184.78,215.08,298.7,3,16.513882,18.08,10.21807,5.68,-4.0,-23.0,27.23,21.01,33.75,0.58,-21.43,25.5,7.85,52.34,-40.98,168.74,285.55,69.22,59.52,98.2,STRONG,2026-09-07,2027-09-07,81.39333078644326,50.40744162976652,82.72800000000001,41.06600896952296,81.74,19.23266588188769,100.0,66.41,26,95.03,Güçlü Aday,True
CCL,CCL,Carnival Corporation,Consumer Discretionary,"Hotels, Resorts & Cruise Lines",23.51,32200452096.0,35.29615,35.0,28.7,43.0,50.13,30.0,40.51,44.92,91.08,44.17,56.11,34.5,3,8.930233,16.78,2.63263,5.9,5.3,-6.5,26.74,11.24,26.69,3.28,-13.78,-7.8,-24.79,47.69,-30.56,23.51,27.66,17.67,37.29,38.28,NEUTRAL,2026-09-07,2027-09-07,90.70847046596222,85.94370377481509,37.884,51.935598663165734,76.01,30.709414895948154,100.0,66.26,27,94.83,Olumlu,False
NOC,NOC,Northrop Grumman,Industrials,Aerospace & Defense,514.98,73159614464.0,647.1429,640.0,538.0,815.0,25.66,23.0,42.8,629.09,22.16,612.06,745.02,530.18,3,16.917887,20.11,30.43997,3.39,5.1,-5.8,16.92,10.48,26.96,2.03,-4.97,-31.28,-9.73,27.09,-35.13,514.98,660.36,28.23,53.61,75.35,NEUTRAL,2026-09-07,2027-09-07,71.67128952544253,68.19127276509106,66.654,39.09827350708631,97.17,44.09733859417424,100.0,66.01,28,94.63,Olumlu,False
TRMB,TRMB,Trimble Inc.,Information Technology,Application Software,59.47,13867205632.0,80.18182,80.0,61.0,94.0,34.83,13.0,41.16,78.45,31.92,74.57,69.11,91.67,3,14.422564,18.08,4.1234,4.95,11.0,,23.27,-2.77,-1.94,1.41,9.74,-15.14,-25.39,31.93,-41.49,59.47,79.01,32.85,60.18,82.97,STRONG,2026-09-07,2027-09-07,79.01762811766633,66.66526666106665,73.854,28.26682549136391,97.82,33.588945913832625,93.75,65.99,29,94.43,Olumlu,False
UNH,UNH,UnitedHealth Group,Health Care,Managed Health Care,397.14,356470816768.0,475.23077,490.0,313.0,529.0,19.66,27.0,45.45,498.45,25.51,381.58,399.33,714.44,3,17.701515,17.01,22.43537,6.81,0.4,61.5,5.92,3.14,14.15,1.57,-0.02,40.5,31.38,35.45,-28.96,397.14,498.54,25.53,46.12,67.74,NEUTRAL,2026-09-07,2027-09-07,79.2403268282801,63.90777563110252,59.092,45.89285180487763,95.23,43.16666856713358,100.0,65.93,30,94.23,Olumlu,False
EFX,EFX,Equifax,Industrials,Research & Consulting Services,177.05,20800700416.0,212.33333,210.0,179.0,245.0,19.93,24.0,31.08,225.4,27.31,203.91,227.15,245.14,3,17.458435,20.11,10.14123,4.56,10.6,0.7,29.86,10.73,14.27,2.75,3.16,-14.04,-25.57,39.04,-41.59,177.05,215.14,21.51,51.61,56.71,NEUTRAL,2026-09-07,2027-09-07,77.60603156992283,67.60587042348169,54.67,52.11342204260078,94.03,32.29710767119265,100.0,65.43,31,94.04,Olumlu,False
DVA,DVA,DaVita,Health Care,Health Care Services,183.99,11738562560.0,218.42857,220.0,165.0,270.0,18.72,7.0,48.07,396.78,115.65,293.39,465.27,431.69,3,10.665853,17.01,17.25038,8.88,5.2,55.8,20.17,6.05,88.48,4.5,-4.25,22.04,35.73,45.15,-27.86,183.99,250.49,36.14,45.13,86.17,NEUTRAL,2026-09-07,2027-09-07,95.05841042609224,47.233268933075735,69.754,61.60722292683551,42.02,24.261797400243694,100.0,65.31,32,93.84,Olumlu,False
TPR,TPR,"Tapestry, Inc.",Consumer Discretionary,"Apparel, Accessories & Luxury Goods",122.14,24353699840.0,167.4,167.0,96.0,232.0,37.06,22.0,81.24,149.82,22.66,148.82,125.99,174.65,3,13.768614,16.78,8.8709,5.75,8.9,,25.28,19.09,197.13,1.39,-12.49,-14.7,17.35,41.0,-25.88,122.14,146.79,20.18,39.29,48.5,NEUTRAL,2026-09-07,2027-09-07,76.28962411224666,67.89491157964633,44.816,80.54579093432008,88.92,32.99611574572519,93.75,65.23,33,93.64,Olumlu,False
DAL,DAL,Delta Air Lines,Industrials,Passenger Airlines,80.17,52721639424.0,105.1875,105.0,50.0,125.0,31.21,25.0,71.3,156.6,95.33,174.81,164.77,130.22,3,9.221216,20.11,8.69408,5.34,18.7,-25.4,10.99,5.78,20.12,2.19,1.19,36.56,33.85,39.06,-22.9,80.17,99.45,24.04,47.31,64.53,NEUTRAL,2026-09-07,2027-09-07,91.79434162085835,69.42463769855081,57.641999999999996,41.80393041185395,60.72,32.67810289638094,100.0,65.22,34,93.44,Olumlu,False
CVS,CVS,CVS Health,Health Care,Health Care Services,96.74,123727593472.0,116.04,116.0,103.0,148.0,19.95,27.0,38.78,152.84,57.99,144.78,146.92,166.83,3,11.36425,17.01,8.51266,6.53,7.1,188.8,4.04,1.18,6.21,3.74,1.47,26.02,35.45,31.24,-16.44,96.74,117.34,21.29,46.94,55.31,NEUTRAL,2026-09-07,2027-09-07,86.90931190492269,66.9939479757919,51.962,47.09122820502966,72.63,46.85834272232681,100.0,64.79,35,93.24,Olumlu,False
BSX,BSX,Boston Scientific,Health Care,Health Care Equipment,47.8,69273174016.0,62.68966,60.0,44.0,94.0,31.15,31.0,79.76,51.29,7.29,58.39,50.78,44.69,3,13.923965,17.01,3.43293,3.54,7.5,15.1,27.2,17.5,15.34,2.12,-1.54,-33.01,-55.45,37.35,-60.58,47.8,62.88,31.55,51.49,81.16,NEUTRAL,2026-09-07,2027-09-07,63.11634816665541,71.97456789827159,69.292,54.48048648210068,80.0,19.15951427088083,100.0,64.63,36,93.04,Olumlu,False
APTV,APTV,Aptiv,Consumer Discretionary,Automotive Parts & Equipment,47.95,9956018176.0,66.61111,65.5,55.0,78.0,38.92,20.0,34.53,164.67,243.42,109.24,191.18,193.59,3,7.363533,16.78,6.51182,16.23,2.3,-35.3,15.76,1.07,5.16,1.52,-30.1,-34.04,-40.4,42.92,-49.52,47.95,61.67,28.61,50.57,76.35,NEUTRAL,2026-09-07,2027-09-07,99.08712974190195,76.56182624730499,66.038,31.58660300195915,15.2,35.05327562192614,100.0,64.6,37,92.84,Olumlu,False
NTAP,NTAP,NetApp,Information Technology,"Technology Hardware, Storage & Peripherals",185.59,36453404672.0,194.1875,195.0,170.0,219.0,4.63,20.0,25.23,199.57,7.53,197.23,215.69,185.78,3,17.016926,18.08,10.9062,3.21,29.9,63.5,28.34,19.18,114.82,-0.5,11.44,85.14,58.91,43.06,-24.83,185.59,263.36,41.91,58.11,89.58,STRONG,2026-09-07,2027-09-07,65.10724226382143,35.19910079640319,76.99199999999999,61.80327117789893,97.27,60.16840183812708,100.0,64.57,38,92.64,Olumlu,False
CSGP,CSGP,CoStar Group,Real Estate,Real Estate Services,30.91,12524657664.0,37.3,36.0,25.0,53.0,20.67,21.0,75.07,34.27,10.87,59.32,18.62,24.87,3,17.838696,34.23,1.73275,3.3,18.4,1261.0,11.08,2.08,0.89,-0.28,-8.79,-36.11,-65.31,43.93,-69.66,30.91,51.78,67.53,63.08,97.39,STRONG,2026-09-07,2027-09-07,62.950863213811424,54.27261709046837,83.666,40.67901234567901,91.53,32.5412687535442,100.0,64.39,39,92.45,Olumlu,False
UBER,UBER,Uber,Industrials,Passenger Ground Transportation,75.76,154744356864.0,101.80979,101.0,70.0,150.0,34.38,51.0,78.58,84.05,10.94,88.09,56.25,107.81,3,17.292421,20.11,4.38111,4.68,12.2,85.5,13.53,17.34,37.16,1.25,7.14,0.84,-17.63,35.84,-34.13,75.76,89.35,17.94,50.63,39.68,NEUTRAL,2026-09-07,2027-09-07,71.18008976751223,76.29426517706071,44.06,69.88383580959415,80.89,34.61297200423249,100.0,64.37,40,92.25,Olumlu,False
ADBE,ADBE,Adobe Inc.,Information Technology,Application Software,266.51,105937731584.0,276.57648,255.0,190.0,380.0,3.78,40.0,68.7,566.29,112.48,497.27,479.13,722.46,3,9.691922,18.08,27.49816,8.7,12.7,7.9,38.61,28.69,62.95,0.15,5.99,-6.03,-22.6,40.05,-47.37,266.51,390.89,46.67,66.03,91.58,STRONG,2026-09-07,2027-09-07,95.07940839382198,30.665962663850664,81.36,62.73707894910992,31.26,28.944979749526016,100.0,64.23,41,92.05,Olumlu,False
LDOS,LDOS,Leidos,Industrials,Diversified Support Services,133.05,16696738816.0,156.6,160.0,125.0,225.0,17.7,17.0,63.86,267.93,101.37,257.02,269.03,277.72,3,10.408632,20.11,12.78266,6.87,7.2,-6.7,13.51,7.8,27.78,2.45,7.31,-24.76,-24.71,34.06,-49.47,133.05,176.51,32.66,63.3,82.57,STRONG,2026-09-07,2027-09-07,94.56503101517978,46.83354733418933,74.862,43.64208834003569,47.55,23.43225582231718,100.0,64.2,42,91.85,Olumlu,False
AIZ,AIZ,Assurant,Financials,Multi-line Insurance,285.74,14093772800.0,330.0,327.0,320.0,355.0,15.49,7.0,10.61,498.83,74.57,312.57,440.22,743.7,3,12.193675,13.34,23.43346,15.25,9.4,30.5,12.91,7.9,18.34,0.1,11.76,29.02,33.89,22.3,-12.57,285.74,343.42,20.18,53.91,48.7,NEUTRAL,2026-09-07,2027-09-07,90.70102568449606,53.36553346213384,50.784,52.04609344135864,59.26,86.10770690929019,100.0,64.08,43,91.65,Olumlu,False
CRM,CRM,Salesforce,Information Technology,Application Software,259.23,213346304000.0,272.13242,270.5,160.0,475.0,4.98,56.0,115.75,410.74,58.44,289.49,271.52,671.2,3,16.193537,18.08,16.00824,8.31,10.8,118.9,29.36,21.99,19.38,2.4,39.99,28.91,7.14,47.15,-43.33,259.23,420.47,62.2,62.71,95.59,STRONG,2026-09-07,2027-09-07,88.43584565846204,31.303405213620856,82.438,57.18396685043499,59.4,10.741845083451036,100.0,64.03,44,91.45,Olumlu,False
FANG,FANG,Diamondback Energy,Energy,Oil & Gas Exploration & Production,199.22,55785541632.0,232.5357,225.0,205.0,283.0,16.72,30.0,33.54,297.64,49.4,253.63,333.45,305.83,3,11.016563,14.03,18.08368,9.03,52.5,179.5,72.5,9.03,3.49,1.03,4.0,11.56,42.93,31.81,-19.09,199.22,233.58,17.25,43.96,34.07,NEUTRAL,2026-09-07,2027-09-07,87.69303737431228,65.70322281289125,38.025999999999996,60.31746031746031,75.44,55.0739792564396,100.0,63.92,45,91.25,Olumlu,False
ORCL,ORCL,Oracle Corporation,Information Technology,Application Software,158.78,457361195008.0,242.04619,240.0,110.0,400.0,52.44,44.0,119.81,180.05,13.4,198.34,161.76,,2,14.477147,18.08,10.96763,-5.36,20.6,21.9,45.27,25.37,53.38,4.44,-25.43,4.53,-27.99,67.65,-64.58,158.78,245.47,54.6,59.56,93.99,STRONG,2026-09-07,2027-09-07,50.933071367498044,79.14171656686628,80.218,52.8036886017827,70.62,2.3353182576378573,100.0,63.72,46,91.05,Olumlu,False
IP,IP,International Paper,Materials,Paper & Plastic Packaging Products & Materials,37.24,19721183232.0,48.0,48.0,39.0,61.0,28.89,12.0,45.83,71.14,91.04,46.79,68.09,98.55,3,12.455684,15.65,2.9898,8.35,-2.2,,16.25,-14.21,-16.48,2.33,12.06,-3.3,-19.1,43.56,-39.68,37.24,49.7,33.47,44.1,83.57,NEUTRAL,2026-09-07,2027-09-07,93.7019920318725,60.69508278033112,67.782,31.2,61.15,29.61368064160129,93.75,63.57,47,90.85,Olumlu,False
AMT,AMT,American Tower,Real Estate,Telecom Tower REITs,175.85,81939079168.0,215.69565,210.0,188.0,260.0,22.66,25.0,33.38,195.19,11.0,239.97,192.56,153.03,3,25.085451,34.23,7.01004,3.56,4.7,138.5,64.38,31.08,33.91,6.14,-8.55,-4.92,-6.38,26.13,-15.69,175.85,209.15,18.93,42.39,42.89,NEUTRAL,2026-09-07,2027-09-07,63.85657370517929,71.02784411137644,42.69,71.5432098765432,90.02,59.52530309127201,100.0,63.55,48,90.66,Olumlu,False
ALGN,ALGN,Align Technology,Health Care,Health Care Supplies,158.63,11269406720.0,208.6,209.0,170.0,240.0,31.5,17.0,33.56,212.25,33.8,213.43,206.01,217.32,3,12.6417,17.01,12.54855,5.19,4.3,-12.1,21.98,9.99,10.15,-1.08,-5.43,-8.83,17.77,39.25,-21.54,158.63,189.6,19.53,39.05,44.69,NEUTRAL,2026-09-07,2027-09-07,79.85549328111284,70.84156336625347,42.434,40.218366065823695,98.27,57.925312817999064,100.0,63.5,49,90.46,Olumlu,False
CPAY,CPAY,Corpay,Financials,Transaction & Payment Processing Services,416.37,27338686464.0,461.0,455.0,390.0,536.0,10.72,16.0,31.67,449.05,7.85,419.47,421.87,505.81,3,13.239943,13.34,31.44802,7.12,21.5,-7.0,55.74,22.72,29.22,2.7,19.84,32.43,30.14,37.09,-20.2,416.37,536.67,28.89,59.33,77.15,NEUTRAL,2026-09-07,2027-09-07,66.57624819869459,38.03971215884864,70.02199999999999,63.3730995004594,97.37,44.69044340060727,100.0,63.23,50,90.26,Olumlu,False
WDAY,WDAY,"Workday, Inc.",Information Technology,Application Software,195.79,47185387520.0,207.10289,215.0,92.0,275.0,5.78,42.0,88.36,253.67,29.56,238.94,128.28,393.79,3,14.818274,18.08,13.21274,6.46,12.8,206.0,15.62,12.32,16.01,0.23,35.7,29.63,-15.29,53.75,-54.58,195.79,311.76,59.23,63.34,95.19,STRONG,2026-09-07,2027-09-07,80.06385417235168,31.747806991227964,82.45,47.49713657396802,79.79,20.39388698691536,100.0,63.1,51,90.06,Olumlu,False
ZBRA,ZBRA,Zebra Technologies,Information Technology,Electronic Equipment & Instruments,362.74,17161467904.0,412.86667,418.0,350.0,455.0,13.82,16.0,25.43,405.43,11.77,402.18,434.35,379.77,3,16.310501,18.08,22.23966,3.36,20.4,121.5,20.25,9.22,15.29,2.37,56.28,65.14,16.54,49.43,-38.27,362.74,492.56,35.79,52.23,85.97,NEUTRAL,2026-09-07,2027-09-07,67.9959613600393,49.88339953359814,72.474,43.192478225235824,98.18,32.44155390494488,100.0,63.01,52,89.86,Olumlu,False
ROP,ROP,Roper Technologies,Information Technology,Electronic Equipment & Instruments,407.28,40280346624.0,445.2,424.0,335.0,550.0,9.31,20.0,48.29,562.67,38.15,439.3,535.03,713.67,3,16.76573,18.08,24.29241,5.62,8.5,233.0,39.1,30.24,13.07,3.38,22.92,11.39,-22.06,29.07,-39.49,407.28,533.44,30.98,57.59,79.96,NEUTRAL,2026-09-07,2027-09-07,81.23888009605415,32.47364989459958,71.012,61.44219951843538,76.69,29.7110015668473,100.0,62.93,53,89.66,Olumlu,False
WYNN,WYNN,Wynn Resorts,Consumer Discretionary,Casinos & Gaming,91.54,9426230272.0,132.355,133.0,116.0,145.0,44.59,21.0,21.91,114.94,25.56,86.81,142.98,115.03,3,17.69005,16.78,5.17466,5.05,6.9,106.1,24.4,6.05,,5.66,-12.17,-9.45,-24.81,33.73,-31.43,91.54,106.64,16.5,40.73,29.46,NEUTRAL,2026-09-07,2027-09-07,75.11519140827993,85.17442069768278,33.967999999999996,60.074426036498195,85.92,43.414706830012975,93.75,62.88,54,89.46,Olumlu,False
UAL,UAL,United Airlines Holdings,Industrials,Passenger Airlines,111.38,36150575104.0,160.76086,162.0,95.0,203.0,44.34,25.0,67.18,233.41,109.56,304.35,310.65,85.23,3,7.358367,20.11,15.13651,2.52,16.0,-17.2,11.27,5.56,23.25,2.4,5.34,20.97,5.03,47.95,-27.5,111.38,140.47,26.12,41.99,69.34,NEUTRAL,2026-09-07,2027-09-07,82.1317262595189,74.47473789895159,58.400000000000006,33.71196478117667,63.14,26.349559420445896,100.0,62.72,55,89.26,Olumlu,False
VRSK,VRSK,Verisk Analytics,Industrials,Research & Consulting Services,185.79,24181686272.0,237.70589,235.0,195.0,275.0,27.94,19.0,33.66,194.57,4.72,174.86,162.34,246.5,3,21.36438,20.11,8.69625,4.37,4.4,-3.4,48.33,28.24,,2.68,2.51,-13.07,-30.58,34.74,-42.19,185.79,227.75,22.59,50.47,60.52,NEUTRAL,2026-09-07,2027-09-07,67.17938373089919,69.5313581254325,56.5,62.54483757816074,80.04,33.742923465123525,93.75,62.7,56,89.07,Olumlu,False
NEM,NEM,Newmont,Materials,Gold,128.09,134967443456.0,132.86714,133.0,67.0,170.0,3.73,23.0,77.52,204.13,59.37,157.82,189.39,265.19,3,12.701519,15.65,10.08462,6.53,15.1,11.4,66.2,33.36,25.91,-0.2,28.73,10.63,72.66,49.79,-32.1,128.09,163.59,27.71,53.83,74.35,NEUTRAL,2026-09-07,2027-09-07,87.1784860557769,21.978847915391665,66.142,82.18518518518518,57.71,37.291891934963374,100.0,62.69,57,88.87,Olumlu,False
LII,LII,Lennox International,Industrials,Building Products,390.53,13496980480.0,505.3846,495.0,375.0,609.0,29.41,17.0,46.3,425.68,9.0,526.79,505.99,244.26,3,14.906169,20.11,26.19922,2.06,3.0,0.1,22.08,14.87,71.76,1.68,-23.0,-24.13,-29.7,40.97,-34.89,390.53,523.03,33.93,54.96,83.97,NEUTRAL,2026-09-07,2027-09-07,59.056432497856676,64.38865755463021,72.366,45.05316402184354,82.88,36.88082658066946,100.0,62.62,58,88.67,Olumlu,False
WDC,WDC,Western Digital,Information Technology,"Technology Hardware, Storage & Peripherals",467.46,168538456064.0,664.9167,640.0,420.0,1050.0,42.24,26.0,94.75,348.31,-25.49,574.16,274.73,196.03,3,14.723367,18.08,31.74953,1.35,43.8,984.1,38.72,72.95,130.85,-0.08,-8.65,90.66,417.39,79.96,-41.8,467.46,829.62,77.47,60.63,99.8,STRONG,2026-09-07,2027-09-07,40.93270752606014,72.42696970787883,84.132,79.7846703623952,37.51,22.344895406434212,100.0,62.59,59,88.47,Olumlu,False
CBRE,CBRE,CBRE Group,Real Estate,Real Estate Services,147.85,42813710336.0,182.91667,186.5,144.0,200.0,23.72,13.0,30.62,187.19,26.61,311.36,112.11,138.1,3,16.255543,34.23,9.09536,3.83,15.5,-4.2,5.07,2.98,15.8,4.21,12.92,8.05,-8.56,32.41,-27.37,147.85,178.69,20.86,44.6,52.3,NEUTRAL,2026-09-07,2027-09-07,72.43027888446215,62.196328785315146,49.22,45.555555555555564,97.69,61.39577697475799,100.0,62.52,60,88.27,Olumlu,False
NRG,NRG,NRG Energy,Utilities,Independent Power Producers & Energy Traders,119.02,25019250688.0,188.75,187.0,104.0,270.0,58.59,16.0,87.95,165.49,39.05,187.67,93.31,215.5,3,10.630155,16.76,11.19645,3.09,11.0,,9.82,2.56,23.77,7.16,-7.55,-22.36,-18.56,48.64,-40.1,119.02,143.08,20.21,38.08,48.9,NEUTRAL,2026-09-07,2027-09-07,86.25498007968127,65.2942211768847,44.571999999999996,57.41935483870968,86.87,12.185276086708143,93.75,62.48,61,88.07,Olumlu,False
KEYS,KEYS,Keysight Technologies,Information Technology,Electronic Equipment & Instruments,327.21,55705784320.0,415.08334,417.5,350.0,452.0,26.86,12.0,24.57,261.43,-20.1,246.84,195.79,341.66,3,23.971586,18.08,13.64991,3.35,36.5,109.1,25.8,19.14,20.9,0.09,-0.79,20.11,95.99,43.72,-20.52,327.21,475.82,45.42,60.24,90.78,STRONG,2026-09-07,2027-09-07,49.435136167658136,68.02975211900848,78.564,56.15494061890727,54.57,59.24211777677199,100.0,62.45,62,87.87,Olumlu,False
INVH,INVH,Invitation Homes,Real Estate,Single-Family Residential REITs,28.39,16864851968.0,33.6087,34.0,30.0,41.0,18.38,25.0,32.73,34.94,23.09,23.39,33.4,48.05,3,41.55688,34.23,0.68316,6.93,10.1,60.5,52.68,23.2,7.05,5.65,-4.53,10.76,-2.32,20.89,-18.65,28.39,32.79,15.49,41.13,21.64,NEUTRAL,2026-09-07,2027-09-07,78.20982735723771,65.41662166648666,29.436,61.7283950617284,96.12,66.53641112576378,100.0,62.19,63,87.67,Olumlu,False
CSCO,CSCO,Cisco,Information Technology,Communications Equipment,109.2,430530461696.0,137.625,135.0,115.0,170.0,26.03,28.0,39.96,93.02,-14.82,101.31,89.39,88.36,3,19.492132,18.08,5.60226,2.6,17.6,52.1,29.44,20.95,27.32,0.82,-9.89,40.14,63.94,33.78,-16.14,109.2,145.84,33.55,55.72,83.77,NEUTRAL,2026-09-07,2027-09-07,50.027288107842594,74.26537706150825,72.55,52.25566703827574,61.32,53.74689710039104,100.0,62.16,64,87.48,Olumlu,False
CAH,CAH,Cardinal Health,Health Care,Health Care Distributors,247.18,57488068608.0,270.9375,275.5,235.0,292.0,9.61,18.0,21.04,343.65,39.03,239.42,251.66,539.87,3,17.559462,17.01,14.07674,8.27,5.8,68.8,1.67,0.67,,1.21,20.42,14.02,67.24,29.78,-20.42,247.18,312.82,26.56,48.9,70.54,NEUTRAL,2026-09-07,2027-09-07,84.4405429130934,42.56109024436098,61.88400000000001,48.02836388792805,76.34,68.18759202095148,93.75,62.15,65,87.28,Olumlu,False
NFLX,NFLX,Netflix,Communication Services,Movies & Entertainment,78.25,325828280320.0,93.66,93.0,70.0,135.0,19.69,51.0,69.4,74.03,-5.4,55.39,43.89,122.8,3,20.479414,14.5,3.82091,7.79,13.4,11.1,30.45,28.22,49.54,0.51,-4.78,-20.98,-37.77,35.84,-46.49,78.25,96.0,22.69,49.18,61.12,NEUTRAL,2026-09-07,2027-09-07,60.70053120849934,63.42853371413485,56.343999999999994,72.41161616161617,76.59,32.27678435067617,100.0,62.08,66,87.08,Olumlu,False
BLDR,BLDR,Builders FirstSource,Industrials,Building Products,65.79,7078770688.0,80.71429,81.0,61.0,100.0,22.68,23.0,48.32,110.31,67.66,89.8,109.88,131.24,3,14.731237,20.11,4.46602,6.56,-8.8,,7.08,0.71,2.51,5.06,-10.66,-29.35,-54.08,50.16,-57.92,65.79,85.09,29.34,55.47,78.16,NEUTRAL,2026-09-07,2027-09-07,90.24812143829745,63.30149320597282,69.084,21.188203848037052,69.01,13.262291688065073,93.75,62.05,67,86.88,Olumlu,False
SNPS,SNPS,Synopsys,Information Technology,Application Software,393.84,75474173952.0,544.9723,560.0,414.77,633.0,38.37,25.0,40.04,349.81,-11.18,316.69,175.88,556.86,3,22.489672,18.08,17.51204,4.54,42.4,89.3,22.04,11.43,3.66,3.49,-15.28,-9.96,-34.57,59.0,-38.87,393.84,528.8,34.27,51.15,84.37,NEUTRAL,2026-09-07,2027-09-07,56.5971729520275,79.96571986287945,71.082,49.06079626151097,56.38,19.51546683879484,100.0,61.89,68,86.68,Olumlu,False
HAS,HAS,Hasbro,Consumer Discretionary,Leisure Products,92.53,13050844160.0,109.64286,110.5,90.0,120.0,18.49,15.0,27.36,113.45,22.61,109.48,109.5,121.37,3,14.179299,16.78,6.52571,5.27,16.2,,26.14,15.97,159.56,1.92,10.74,-0.53,18.8,30.53,-27.31,92.53,107.6,16.29,40.31,28.26,NEUTRAL,2026-09-07,2027-09-07,73.99618915641781,57.862791451165805,33.08,81.85887552677562,96.59,55.61292946707255,93.75,61.88,69,86.48,Olumlu,False
APA,APA,APA Corporation,Energy,Oil & Gas Exploration & Production,42.77,14984535040.0,44.45833,44.0,36.0,54.0,3.95,26.0,40.49,100.14,134.13,59.77,136.44,104.21,3,10.036867,14.03,4.26129,14.33,9.2,26.3,66.73,19.56,26.66,0.6,17.78,32.68,88.83,46.22,-27.72,42.77,54.06,26.4,53.42,70.14,NEUTRAL,2026-09-07,2027-09-07,97.84860557768924,33.38889355557423,63.452,69.84126984126983,22.98,41.172191016511874,100.0,61.84,70,86.28,Olumlu,False
APP,APP,AppLovin,Communication Services,Advertising,320.56,107688771584.0,514.4839,515.0,325.0,790.0,60.5,33.0,90.38,233.89,-27.04,304.12,206.9,190.65,3,15.281652,14.5,20.97679,2.95,52.8,57.0,79.29,64.58,203.69,0.09,-42.47,-36.16,-35.88,74.02,-59.3,320.56,449.22,40.14,56.41,88.58,NEUTRAL,2026-09-07,2027-09-07,42.91500664010624,78.64671458685835,75.71199999999999,85.1010101010101,25.01,22.187312829768217,100.0,61.76,71,86.08,Olumlu,False
AOS,AOS,A. O. Smith,Industrials,Building Products,60.48,8219750400.0,69.90909,70.0,59.0,84.0,15.59,13.0,35.76,94.28,55.88,82.25,92.19,108.38,3,14.785153,20.11,4.09059,5.9,-0.7,-15.0,20.6,13.15,27.13,0.63,6.37,-13.83,-14.88,26.88,-30.29,60.48,73.87,22.14,50.56,58.92,NEUTRAL,2026-09-07,2027-09-07,86.83090423117656,46.94582778331113,55.576,44.13487895619787,70.31,61.671222238882066,100.0,61.73,72,85.88,Olumlu,False
MGM,MGM,MGM Resorts,Consumer Discretionary,Casinos & Gaming,41.22,10546188288.0,50.62778,50.0,43.0,60.0,22.82,22.0,33.58,44.59,8.18,34.71,13.61,85.46,3,19.925556,16.78,2.0687,8.33,1.0,519.4,12.6,2.4,18.92,12.25,-13.24,15.88,11.32,37.97,-19.57,41.22,49.94,21.16,40.31,54.71,NEUTRAL,2026-09-07,2027-09-07,73.1612679715919,67.81475125900504,48.95,45.709367806962625,87.32,39.77152731926354,100.0,61.67,73,85.69,Olumlu,False
SNDK,SNDK,Sandisk,Information Technology,"Technology Hardware, Storage & Peripherals",1740.0,254769070080.0,2125.087,2100.0,1000.0,3600.0,22.13,24.0,122.35,2720.26,56.34,4787.2,1730.86,1642.72,3,6.5729427,18.08,264.72162,3.03,371.6,,62.31,56.46,91.64,-0.36,11.59,229.96,2684.0,116.57,-56.49,1740.0,,,,,,,,79.46460732412815,56.94454777819111,50.0,86.17431010522138,75.43,22.186243180006358,81.25,61.66,74,85.49,Olumlu,False
EXE,EXE,Expand Energy,Energy,Oil & Gas Exploration & Production,97.91,22666536960.0,124.84615,122.5,93.0,160.0,27.51,27.0,53.67,158.9,62.29,122.16,246.83,107.71,3,11.240792,14.03,8.71024,6.47,-10.6,-45.5,53.1,21.97,14.89,0.46,6.98,-7.25,3.58,30.89,-28.43,97.91,115.9,18.38,34.61,41.28,NEUTRAL,2026-09-07,2027-09-07,84.01062416998671,70.64124256497026,38.612,45.238095238095234,76.0,48.65111032440721,100.0,61.6,75,85.29,Olumlu,False
CHTR,CHTR,Charter Communications,Communication Services,Cable & Satellite,151.99,20484831232.0,184.41176,150.0,101.0,380.0,21.33,21.0,151.29,781.84,414.4,639.39,1377.61,328.52,3,3.4462736,14.5,44.10271,10.73,-1.7,16.1,40.1,9.05,27.2,4.41,15.04,-34.55,-41.43,50.47,-56.39,151.99,195.59,28.69,55.13,76.75,NEUTRAL,2026-09-07,2027-09-07,96.54714475431607,52.749570998283986,68.102,64.20454545454545,0.0,4.770496094906845,100.0,61.58,76,85.09,Olumlu,False
TMUS,TMUS,T-Mobile US,Communication Services,Wireless Telecommunication Services,181.52,194711355392.0,243.375,235.0,169.0,300.0,34.08,27.0,53.83,242.19,33.42,209.33,304.39,212.85,3,12.571908,14.5,14.43854,5.82,7.9,5.3,37.28,11.46,17.99,3.42,2.51,-17.16,-26.48,29.51,-32.63,181.52,208.28,14.74,38.27,17.03,WEAK,2026-09-07,2027-09-07,77.0816733067729,75.00998003992015,25.526000000000003,61.868686868686865,99.51,33.54363216160618,100.0,61.56,77,84.89,Olumlu,False
OXY,OXY,Occidental Petroleum,Energy,Oil & Gas Exploration & Production,60.04,60018229248.0,67.08333,67.0,55.0,79.0,11.73,25.0,35.78,76.9,28.09,53.81,112.45,64.45,3,15.648988,14.03,3.83667,6.31,53.4,964.9,57.34,30.32,10.63,0.76,5.95,11.84,31.48,35.33,-27.29,60.04,71.87,19.7,42.89,46.09,NEUTRAL,2026-09-07,2027-09-07,75.28931891481693,48.70319481277925,44.81,71.42857142857143,86.36,47.20520753710394,100.0,61.48,78,84.69,Olumlu,False
HII,HII,Huntington Ingalls Industries,Industrials,Aerospace & Defense,285.93,11266957312.0,368.41666,367.0,304.0,439.0,28.85,12.0,36.64,419.13,46.58,418.93,419.33,,2,13.7237,20.11,20.83476,-2.66,10.9,36.5,8.87,5.01,12.97,2.5,-1.97,-32.77,7.67,38.2,-40.51,285.93,375.38,31.28,60.71,80.56,STRONG,2026-09-07,2027-09-07,61.76794929984702,63.62093448373793,72.62,32.17553424892106,87.12,31.66936841242977,100.0,61.44,79,84.49,Olumlu,False
CI,CI,Cigna,Health Care,Health Care Services,282.52,74653220864.0,341.41666,343.0,290.0,400.0,20.85,24.0,32.22,666.23,135.82,569.59,631.19,797.89,3,8.436079,17.01,33.48949,10.69,6.7,10.2,4.52,2.27,16.76,1.93,-2.4,4.61,-5.49,32.53,-21.41,282.52,333.98,18.21,40.4,40.28,NEUTRAL,2026-09-07,2027-09-07,97.29016138834493,68.84835539342158,40.328,46.75867208151308,35.53,53.636985357566445,100.0,61.42,80,84.29,Olumlu,False
TEL,TEL,TE Connectivity,Information Technology,Electronic Manufacturing Services,208.65,60406931456.0,246.78947,235.0,209.0,306.0,18.28,19.0,39.3,268.78,28.82,233.39,321.5,251.46,3,16.166811,18.08,12.90607,3.87,13.8,19.2,25.62,15.61,23.29,0.92,-1.5,2.15,1.14,34.6,-21.11,208.65,251.74,20.65,51.05,51.1,NEUTRAL,2026-09-07,2027-09-07,76.81111171751351,55.66362265449062,51.08,44.86085022118376,91.47,48.26268662491791,100.0,61.39,81,84.1,Olumlu,False
ALL,ALL,Allstate,Financials,Property & Casualty Insurance,259.57,65634340864.0,274.77274,281.0,191.0,334.0,5.86,25.0,52.04,745.71,187.29,368.25,845.85,1023.02,3,9.40204,13.34,27.60784,23.1,11.8,61.2,24.4,18.97,46.11,0.1,17.94,23.41,27.01,24.88,-11.48,259.57,323.53,24.64,53.42,65.93,NEUTRAL,2026-09-07,2027-09-07,98.61829278630161,31.54888619554478,60.926,73.08877711994285,7.7,67.93009920879975,100.0,61.33,82,83.9,Olumlu,False
TTD,TTD,Trade Desk (The),Communication Services,Advertising,14.43,6780371456.0,13.55333,13.0,9.0,21.0,-6.08,36.0,88.54,20.28,40.56,14.43,21.43,24.99,3,14.4977045,14.5,0.99533,8.6,3.0,-23.6,23.34,13.61,15.44,-1.51,-27.67,-50.72,-72.21,57.16,-75.93,14.43,25.01,73.3,60.51,99.2,STRONG,2026-09-07,2027-09-07,82.68592297476759,21.148924595698382,83.72399999999999,53.91414141414142,60.24,26.308739081874815,100.0,61.26,83,83.7,Olumlu,False
CINF,CINF,Cincinnati Financial,Financials,Property & Casualty Insurance,171.1,26260094976.0,191.66667,192.5,177.0,200.0,12.02,8.0,12.0,272.44,59.23,120.46,364.97,331.88,3,18.94539,13.34,9.03122,11.37,31.6,85.5,31.28,23.84,21.48,-0.23,4.08,4.63,12.43,20.92,-12.41,171.1,198.03,15.74,47.95,23.85,NEUTRAL,2026-09-07,2027-09-07,85.09282020852758,44.94805979223917,33.49,76.73013109003519,65.19,90.48437940603982,100.0,61.19,84,83.5,Olumlu,False
CMI,CMI,Cummins,Industrials,Construction Machinery & Heavy Transportation Equipment,560.75,77195354112.0,757.0175,771.0,530.0,894.0,35.0,23.0,48.08,586.8,4.65,693.78,574.41,492.23,3,16.251726,20.11,34.50403,2.89,9.4,4.7,14.46,7.82,21.11,0.87,-13.57,4.71,41.91,36.64,-24.75,560.75,709.68,26.56,47.72,70.74,NEUTRAL,2026-09-07,2027-09-07,60.74486862675879,73.92273569094277,61.532,39.34973404611116,74.67,48.40547482007607,100.0,61.14,85,83.3,Olumlu,False
MAS,MAS,Masco,Industrials,Building Products,72.7,14335524864.0,80.61111,79.5,68.0,96.0,10.88,21.0,34.73,114.72,57.8,93.7,112.17,138.29,3,15.600423,20.11,4.66013,6.26,-2.9,24.5,19.79,11.61,5862.5,1.95,5.2,15.25,0.1,35.14,-24.38,72.7,88.46,21.67,43.06,57.52,NEUTRAL,2026-09-07,2027-09-07,87.81532099450301,41.64736658946636,51.736000000000004,60.194766407401765,65.08,47.52947987328971,100.0,61.13,86,83.1,Olumlu,False
VICI,VICI,Vici Properties,Real Estate,Hotel & Resort REITs,25.42,27989389312.0,32.33333,32.0,26.0,38.0,27.2,25.0,37.11,51.57,102.88,102.36,46.44,5.92,3,8.501672,34.23,2.99,0.95,5.7,-41.4,88.81,67.5,9.85,4.82,-7.22,-11.47,-19.21,18.11,-19.45,25.42,29.69,16.8,40.67,30.86,NEUTRAL,2026-09-07,2027-09-07,77.69721115537848,74.35449741798968,34.784,59.32098765432099,54.15,73.3517764488553,100.0,60.97,87,82.9,Olumlu,False
GEN,GEN,Gen Digital,Information Technology,Systems Software,30.65,18346690560.0,33.0,32.0,25.0,46.0,7.67,10.0,63.64,68.99,125.09,59.81,66.65,80.52,3,9.267687,18.08,3.30719,8.43,6.3,64.0,47.45,20.73,41.94,3.17,17.14,36.89,5.86,35.12,-39.59,30.65,45.34,47.93,57.74,91.98,STRONG,2026-09-07,2027-09-07,95.64208917753642,19.214916859667436,78.284,64.39903687074622,29.42,20.227553066316737,100.0,60.94,88,82.7,Olumlu,False
PYPL,PYPL,PayPal,Financials,Transaction & Payment Processing Services,54.96,47016128512.0,57.07344,57.0,36.0,80.0,3.85,43.0,77.09,85.69,55.91,77.2,91.62,88.23,3,9.495886,13.34,5.78777,9.41,4.8,-3.1,18.92,14.36,24.5,0.46,33.44,17.69,-18.82,44.0,-48.55,54.96,75.78,37.88,67.13,87.58,STRONG,2026-09-07,2027-09-07,83.95015681953039,30.224440897763596,79.39999999999999,45.61889129165126,59.91,22.9973930631309,100.0,60.87,89,82.5,Olumlu,False
SBAC,SBAC,SBA Communications,Real Estate,Telecom Tower REITs,189.44,20097331200.0,226.4,224.5,167.0,280.0,19.51,21.0,49.91,213.31,12.6,280.93,185.89,173.11,3,23.084227,34.23,8.20647,3.74,2.3,-10.5,63.87,34.51,,8.12,-8.3,-1.72,-0.46,34.12,-22.39,189.44,241.7,27.58,41.6,73.75,NEUTRAL,2026-09-07,2027-09-07,66.0265604249668,56.396865587462344,60.89,52.66666666666667,94.05,33.89225103620097,93.75,60.85,90,82.31,Olumlu,False
OTIS,OTIS,Otis Worldwide,Industrials,Industrial Machinery & Supplies & Components,71.21,27107463168.0,88.25,88.0,75.0,105.0,23.93,14.0,33.99,100.07,40.53,91.37,94.17,114.68,3,15.670801,20.11,4.54412,5.3,7.3,13.0,17.71,10.17,,3.04,1.85,-19.22,-15.9,21.06,-25.49,71.21,83.73,17.59,46.59,37.47,NEUTRAL,2026-09-07,2027-09-07,82.9355993746533,61.091884367537475,41.118,49.2145798383407,87.45,52.92964948468435,93.75,60.84,91,82.11,Olumlu,False
GL,GL,Globe Life,Financials,Life & Health Insurance,174.27,13392553984.0,193.90909,192.0,166.0,225.0,11.27,11.0,30.43,238.5,36.86,220.33,236.82,258.36,3,10.550156,13.34,16.51824,8.69,8.0,19.7,27.14,19.58,20.94,1.77,9.68,23.08,24.2,20.24,-10.87,174.27,211.82,21.55,50.73,56.91,NEUTRAL,2026-09-07,2027-09-07,79.15486988217344,37.83071132284529,54.437999999999995,55.3002310071534,79.38,72.6581847149125,100.0,60.83,92,81.91,Olumlu,False
URI,URI,United Rentals,Industrials,Trading Companies & Distributors,1009.86,62856196096.0,1272.4286,1317.0,950.0,1610.0,26.0,22.0,51.87,996.78,-1.29,1149.84,1007.29,833.22,3,17.659355,20.11,57.18555,2.71,11.8,25.5,27.87,15.67,28.89,3.26,-5.26,25.21,5.54,43.11,-30.04,1009.86,1276.97,26.45,43.83,70.34,NEUTRAL,2026-09-07,2027-09-07,56.73004185788492,64.96905987623951,59.736000000000004,64.61344545403466,75.71,24.893426235684284,100.0,60.62,93,81.61,Olumlu,False
GNRC,GNRC,Generac,Industrials,Heavy Electrical Equipment,187.35,11054841856.0,283.875,284.0,214.0,340.0,51.52,21.0,44.39,182.16,-2.77,237.67,159.91,148.9,3,15.849947,20.11,11.82023,2.61,10.6,92.0,14.33,5.82,9.49,1.79,-28.37,-8.17,5.15,54.62,-38.84,187.35,254.14,35.65,51.71,85.77,NEUTRAL,2026-09-07,2027-09-07,54.77532906349286,77.03814815259261,72.146,41.967746067548006,56.35,30.995720772874847,100.0,60.62,93,81.61,Olumlu,False
ADI,ADI,Analog Devices,Information Technology,Semiconductors,362.25,175533834240.0,470.25,461.0,365.0,675.0,29.81,34.0,65.92,276.58,-23.65,295.43,267.69,266.63,3,22.173891,18.08,16.33678,2.36,39.6,163.5,49.87,29.79,12.23,0.99,-9.48,15.37,49.03,35.35,-20.68,362.25,479.38,32.34,55.77,81.96,NEUTRAL,2026-09-07,2027-09-07,45.29607597009223,72.95437181748727,71.484,66.56770666300149,48.14,38.787759620114436,100.0,60.52,95,81.31,Olumlu,False
NCLH,NCLH,Norwegian Cruise Line Holdings,Consumer Discretionary,"Hotels, Resorts & Cruise Lines",15.57,7149554688.0,20.6,20.0,15.0,32.0,32.31,27.0,82.52,36.02,131.33,28.39,43.65,,2,9.200986,16.78,1.69221,-23.5,4.9,616.3,25.55,7.49,36.73,6.08,-16.96,-22.34,-39.16,54.24,-45.1,15.57,19.75,26.85,53.12,72.34,NEUTRAL,2026-09-07,2027-09-07,71.25815578266644,70.16028064112257,64.652,50.185013876040706,45.53,8.320625854729634,100.0,60.51,96,81.11,Olumlu,False
REG,REG,Regency Centers,Real Estate,Retail REITs,75.26,14070514688.0,87.05556,85.0,82.0,102.0,15.67,20.0,22.97,88.31,17.33,86.17,81.65,97.1,3,29.898539,34.23,2.51718,5.28,8.9,8.9,63.55,33.0,8.19,4.62,-2.25,-2.48,6.5,15.83,-9.57,75.26,86.28,14.64,37.72,16.23,WEAK,2026-09-07,2027-09-07,71.81938911022576,59.52775811103244,24.826,65.86419753086419,98.57,91.84806989724977,100.0,60.4,97,80.91,Olumlu,False
AVGO,AVGO,Broadcom,Information Technology,Semiconductors,357.89,1702714146816.0,533.4087,537.5,215.88,715.0,49.04,49.0,93.57,252.8,-29.36,350.32,208.38,199.69,3,18.474785,18.08,19.37208,1.79,85.5,215.3,58.42,42.94,44.25,0.68,-7.07,8.7,17.78,48.19,-28.67,357.89,481.2,34.46,55.15,84.77,NEUTRAL,2026-09-07,2027-09-07,40.81864323527807,79.42083768335073,72.922,78.9460555988251,28.62,26.30918172301465,100.0,60.34,98,80.62,Olumlu,False
T,T,AT&T,Communication Services,Integrated Telecommunication Services,25.68,175969271808.0,28.70652,28.0,20.0,36.0,11.79,25.0,55.74,43.36,68.86,37.17,63.11,29.81,3,10.016695,14.5,2.56372,5.76,2.3,6.2,35.32,16.94,18.34,3.3,14.39,-8.18,-9.09,25.08,-28.89,25.68,31.78,23.75,43.09,63.13,NEUTRAL,2026-09-07,2027-09-07,83.41965471447544,42.61101044404178,55.114000000000004,61.23737373737374,59.33,41.24015924493121,100.0,60.34,98,80.62,Olumlu,False
DVN,DVN,Devon Energy,Energy,Oil & Gas Exploration & Production,48.06,52866002944.0,59.81481,60.0,44.0,68.0,24.46,28.0,40.12,50.3,4.67,76.08,62.73,12.1,3,8.859363,14.03,5.42477,1.48,64.2,44.0,47.52,17.46,11.52,1.23,9.31,9.39,38.58,34.6,-22.15,48.06,58.85,22.45,42.09,59.92,NEUTRAL,2026-09-07,2027-09-07,56.31948396888635,72.90265161060644,52.788,53.17460317460317,82.72,44.19177984863033,100.0,60.32,100,80.32,Olumlu,False
ACGL,ACGL,Arch Capital Group,Financials,Property & Casualty Insurance,98.1,33474576384.0,111.86842,111.0,95.0,134.0,14.04,20.0,34.86,183.77,87.33,130.15,206.01,215.15,3,10.054001,13.34,9.75731,12.85,-10.5,-7.1,28.94,24.4,19.94,-0.03,7.58,0.92,6.38,21.1,-14.08,98.1,116.79,19.06,47.4,43.09,NEUTRAL,2026-09-07,2027-09-07,90.7391709756718,49.3874775499102,44.81400000000001,49.87690477411784,51.36,78.01167831576561,100.0,60.28,101,79.92,Nötr,False
JBHT,JBHT,J.B. Hunt,Industrials,Cargo Ground Transportation,273.77,25711091712.0,305.45456,317.5,182.0,370.0,11.57,24.0,61.55,259.0,-5.39,203.39,281.36,292.26,3,27.06462,20.11,10.11542,3.51,19.4,45.8,13.18,5.31,18.45,0.84,-3.76,28.75,89.99,38.75,-15.87,273.77,375.18,37.04,56.81,86.77,NEUTRAL,2026-09-07,2027-09-07,59.31161430228453,39.26919707678831,74.786,53.25223278189373,83.54,51.23533324710809,100.0,60.28,101,79.92,Nötr,False
REGN,REGN,Regeneron Pharmaceuticals,Health Care,Biotechnology,827.72,85217902592.0,840.4285,824.0,730.0,1030.0,1.54,28.0,35.7,851.37,2.86,1030.89,736.61,786.61,3,13.656005,17.01,60.61216,3.6,16.7,-4.5,30.27,27.87,14.04,-1.12,30.41,9.22,46.67,33.62,-25.85,827.72,1063.13,28.44,52.18,75.95,NEUTRAL,2026-09-07,2027-09-07,60.82584914578972,33.3435333741335,66.44200000000001,60.23312024119127,98.71,57.79966734043944,100.0,60.28,101,79.92,Nötr,False
FLEX,FLEX,Flex Ltd.,Information Technology,Electronic Manufacturing Services,109.51,40453320704.0,160.5,160.0,142.0,180.0,46.56,11.0,23.68,95.45,-12.83,128.6,105.0,52.77,3,15.399846,18.08,7.11111,1.55,20.6,52.0,7.25,3.33,18.38,1.46,-27.92,82.79,98.5,68.19,-36.43,109.51,188.7,72.31,62.54,98.8,STRONG,2026-09-07,2027-09-07,48.36325929160073,77.22950891803566,84.29599999999999,32.78974053542249,49.17,34.377338789346446,100.0,60.17,104,79.52,Nötr,False
MCHP,MCHP,Microchip Technology,Information Technology,Semiconductors,74.17,40274956288.0,108.64,108.0,80.0,135.0,46.47,26.0,50.63,68.71,-7.37,82.56,45.27,78.3,3,16.247002,18.08,4.56515,3.39,38.0,,29.4,9.34,7.19,3.4,-15.54,15.78,18.13,49.72,-30.51,74.17,98.32,32.56,53.36,82.36,NEUTRAL,2026-09-07,2027-09-07,56.915352289472246,79.36083744334977,70.75999999999999,45.36430414929521,54.97,21.56017555413668,93.75,60.02,105,79.32,Nötr,False
BRO,BRO,Brown & Brown,Financials,Insurance Brokers,71.42,23897872384.0,76.6875,77.0,60.0,90.0,7.38,19.0,39.12,78.56,10.0,64.36,87.54,83.78,3,14.801581,13.34,4.82516,6.87,32.4,7.1,43.4,18.08,10.02,2.47,21.62,-2.32,-24.48,30.6,-42.91,71.42,90.52,26.74,61.81,71.94,NEUTRAL,2026-09-07,2027-09-07,66.86784775790456,30.974243896975587,67.888,54.8118745056114,97.59,35.8450034595367,100.0,59.66,106,79.13,Nötr,False
BMY,BMY,Bristol Myers Squibb,Health Care,Pharmaceuticals,66.82,136494186496.0,66.20833,68.0,40.0,80.0,-0.92,28.0,60.42,112.96,69.05,111.54,122.4,104.95,3,10.189144,17.01,6.55796,5.94,5.7,153.1,38.49,18.87,46.6,1.8,17.99,13.24,49.98,27.48,-12.53,66.82,81.31,21.69,51.0,57.92,NEUTRAL,2026-09-07,2027-09-07,87.92423526234046,23.52389409557638,55.152,77.0712428097416,47.81,56.684794487858284,100.0,59.65,107,78.93,Nötr,False
TPL,TPL,Texas Pacific Land Corporation,Energy,Oil & Gas Exploration & Production,362.42,24997804032.0,442.0,442.0,245.0,639.0,21.96,2.0,89.14,562.59,55.23,1025.53,99.66,,2,4.95651,14.03,73.12,-0.13,31.2,32.7,82.62,60.32,36.57,-0.31,-6.87,-30.76,17.76,48.15,-36.8,362.42,462.13,27.51,41.56,73.55,NEUTRAL,2026-09-07,2027-09-07,64.48112312654145,45.41050164200656,60.754,65.87301587301587,75.99,34.060044732084634,100.0,59.57,108,78.63,Nötr,False
EOG,EOG,EOG Resources,Energy,Oil & Gas Exploration & Production,145.19,76156395520.0,159.88889,157.0,134.0,193.0,10.12,31.0,36.9,195.91,34.93,201.34,241.17,145.21,3,10.113852,14.03,14.35556,5.88,58.7,109.4,54.25,25.73,22.51,0.23,6.16,12.17,23.55,28.47,-14.96,145.19,168.75,16.22,40.39,27.45,NEUTRAL,2026-09-07,2027-09-07,76.72737620944793,47.60583042332169,32.626000000000005,74.6031746031746,79.75,70.99261004257878,100.0,59.57,108,78.63,Nötr,False
IR,IR,Ingersoll Rand,Industrials,Industrial Machinery & Supplies & Components,76.36,29627635712.0,96.25,95.0,82.0,109.0,26.05,14.0,28.05,80.74,5.74,78.77,76.7,86.75,3,19.493168,20.11,3.91727,3.74,8.5,,25.37,12.08,9.47,1.85,5.71,-11.61,-3.49,32.73,-30.56,76.36,92.31,20.89,46.39,52.51,NEUTRAL,2026-09-07,2027-09-07,66.64481315245348,66.58286633146533,50.062,49.28011847523338,82.47,51.04802049426886,93.75,59.55,110,78.33,Nötr,False
LYB,LYB,LyondellBasell,Materials,Specialty Chemicals,63.52,20519370752.0,68.35294,68.0,56.0,88.0,7.61,18.0,46.82,104.21,64.05,101.29,90.85,120.49,3,9.8144045,15.65,6.47212,5.98,19.8,396.0,11.44,-1.13,-2.27,3.27,-0.5,-3.37,24.35,43.21,-35.51,63.52,84.37,32.82,52.95,82.77,NEUTRAL,2026-09-07,2027-09-07,86.35537848605578,28.01199204796819,70.842,50.0,58.44,25.952441662649356,100.0,59.54,111,78.03,Nötr,False
STZ,STZ,Constellation Brands,Consumer Staples,Distillers & Vintners,128.18,21893699584.0,170.8261,173.0,115.0,209.0,33.27,24.0,55.03,217.62,69.77,191.7,196.49,264.66,3,10.34382,15.47,12.39194,10.1,-3.3,30.7,38.16,20.14,23.69,3.02,-8.32,-11.21,-9.57,29.86,-21.98,128.18,141.7,10.54,33.53,1.0,WEAK,2026-09-07,2027-09-07,89.28989922662294,71.5738062952252,14.012,65.50146268184693,75.91,39.74199422116365,100.0,59.54,111,78.03,Nötr,False
HUM,HUM,Humana,Health Care,Managed Health Care,401.54,48217047040.0,418.6087,415.0,280.0,513.0,4.25,26.0,55.66,411.38,2.45,281.79,525.3,427.06,3,24.235834,17.01,16.56803,4.03,26.2,27.1,2.47,0.88,6.89,-2.54,14.97,125.81,30.56,48.65,-46.9,401.54,610.31,51.99,57.8,92.99,STRONG,2026-09-07,2027-09-07,62.620703626173274,29.120356481425926,78.914,44.61002856886633,98.26,36.01755509373446,100.0,59.53,113,77.63,Nötr,False
HST,HST,Host Hotels & Resorts,Real Estate,Hotel & Resort REITs,22.05,15318718464.0,25.14033,25.0,21.0,29.0,14.02,21.0,31.82,45.4,105.87,35.97,40.73,59.49,3,20.98581,34.23,1.05071,11.05,3.6,8.4,27.19,16.47,15.56,2.18,-7.01,20.33,35.67,24.68,-15.27,22.05,25.66,16.36,48.0,28.66,NEUTRAL,2026-09-07,2027-09-07,94.48339973439575,52.188448753795015,36.396,53.95061728395061,42.56,80.40279033879554,100.0,59.53,113,77.63,Nötr,False
FIX,FIX,Comfort Systems USA,Industrials,Construction & Engineering,1610.34,56674832384.0,2197.0,2165.5,1910.0,2500.0,36.43,10.0,26.85,1246.65,-22.58,1210.02,939.17,1590.75,3,26.7594,20.11,60.17848,3.25,1.0,38.8,17.84,12.78,55.29,0.12,-12.62,26.01,122.89,56.46,-26.47,1610.34,2117.77,31.51,57.74,80.96,STRONG,2026-09-07,2027-09-07,46.62766654899389,72.54157016628068,71.672,54.4462008594003,44.81,55.868896669350924,100.0,59.52,115,77.34,Nötr,False
DUK,DUK,Duke Energy,Utilities,Electric Utilities,120.22,93735796736.0,137.27779,136.5,129.0,147.0,14.19,22.0,13.11,142.01,18.12,120.22,163.8,,2,16.761662,16.76,7.17232,-4.78,1.1,10.6,50.66,16.0,9.86,5.51,-2.37,-7.68,2.95,16.01,-10.88,120.22,139.61,16.13,27.59,27.25,NEUTRAL,2026-09-07,2027-09-07,67.66182581501948,60.2997211988848,27.386,63.45939933259177,96.61,89.53578612364856,100.0,59.48,116,77.14,Nötr,False
BKNG,BKNG,Booking Holdings,Consumer Discretionary,"Hotels, Resorts & Cruise Lines",193.29,145234329600.0,238.67567,240.0,188.0,301.0,23.48,39.0,47.34,216.58,12.05,207.64,186.32,255.78,3,15.616732,16.78,12.37711,5.32,8.1,130.0,36.87,25.53,,0.36,16.55,6.46,-12.76,36.59,-30.6,193.29,220.46,14.06,37.06,11.22,WEAK,2026-09-07,2027-09-07,70.24770483284254,71.98924795699183,21.556,79.90917500630731,90.29,44.87075754656387,93.75,59.47,117,76.94,Nötr,False
FDX,FDX,FedEx,Industrials,Air Freight & Logistics,322.52,76330942464.0,356.3728,359.5,160.0,479.0,10.5,28.0,89.51,617.7,91.52,419.05,707.59,726.47,3,15.47548,20.11,20.84071,7.41,12.5,-4.3,12.5,4.68,14.85,2.48,-2.2,12.33,81.13,28.14,-11.67,322.52,402.46,24.79,52.15,66.73,NEUTRAL,2026-09-07,2027-09-07,94.23470674264965,36.79042716170865,60.898,42.18123493307006,46.34,46.88458403496612,100.0,59.45,118,76.64,Nötr,False
PCG,PCG,PG&E Corporation,Utilities,Multi-Utilities,14.3,31493849088.0,19.65625,19.75,14.0,24.0,37.46,17.0,50.87,31.94,123.37,30.2,33.68,,2,7.937301,16.76,1.80162,-19.53,0.1,39.8,40.46,11.83,9.32,6.1,-16.18,-20.89,-5.11,34.75,-30.16,14.3,18.07,26.36,38.95,69.94,NEUTRAL,2026-09-07,2027-09-07,72.80640877350812,67.75539102156408,57.544,42.09306637004079,52.39,35.17885189991347,100.0,59.45,118,76.64,Nötr,False
HIG,HIG,Hartford (The),Financials,Property & Casualty Insurance,138.37,37480558592.0,149.85,149.0,135.0,164.0,8.3,23.0,19.35,262.65,89.82,182.59,258.39,346.97,3,10.10819,13.34,13.6889,14.69,8.1,36.1,19.05,14.89,22.06,0.07,5.17,0.28,4.57,19.41,-11.46,138.37,162.06,17.12,45.03,32.87,NEUTRAL,2026-09-07,2027-09-07,91.82927863016022,46.54798619194477,37.733999999999995,58.20351667220112,45.31,89.50437433293801,100.0,59.44,120,76.34,Nötr,False
IBM,IBM,IBM,Information Technology,IT Consulting & Other Services,234.89,221297950720.0,245.34695,245.0,174.0,350.0,4.45,25.0,71.74,306.9,30.66,238.03,284.24,398.44,3,17.845516,18.08,13.16241,5.45,1.1,-1.8,23.84,15.52,34.46,3.47,-16.94,-7.93,-2.5,48.44,-37.5,234.89,354.6,50.97,60.55,92.79,STRONG,2026-09-07,2027-09-07,79.05255689570485,26.699186796747192,79.894,38.92177374607393,77.71,13.277674660849794,100.0,59.35,121,76.14,Nötr,False
CF,CF,CF Industries,Materials,Fertilizers & Agricultural Chemicals,133.35,20180940800.0,125.03789,123.0,98.0,195.72,-6.23,21.0,78.15,238.8,79.08,162.22,286.79,267.4,3,12.864122,15.65,10.36604,6.33,17.6,99.6,50.04,27.12,29.87,0.29,18.1,16.24,61.69,42.7,-25.45,133.35,168.83,26.6,48.48,71.34,NEUTRAL,2026-09-07,2027-09-07,89.30677290836653,12.509090036360146,62.196,87.07407407407408,37.47,42.32389829360511,100.0,59.3,122,75.94,Nötr,False
STX,STX,Seagate Technology,Information Technology,"Technology Hardware, Storage & Peripherals",849.28,192484655104.0,1125.0,1150.0,700.0,1600.0,32.47,25.0,80.0,550.21,-35.21,1001.33,382.13,267.17,3,15.337883,18.08,55.3714,1.01,48.5,148.8,36.92,26.11,371.53,0.49,0.29,141.32,365.43,74.37,-31.81,849.28,1470.63,73.16,69.57,99.0,STRONG,2026-09-07,2027-09-07,34.81689679637614,69.06391625566502,87.228,70.82624476311196,31.38,24.059579165411627,100.0,59.29,123,75.75,Nötr,False
ACN,ACN,Accenture,Information Technology,IT Consulting & Other Services,186.72,114261827584.0,184.1884,185.0,130.0,275.0,-1.36,27.0,78.72,433.53,132.18,265.02,420.14,615.44,3,12.740905,18.08,14.65516,10.58,5.6,9.0,17.71,10.66,24.41,-0.14,6.01,-11.36,-24.66,44.19,-56.51,186.72,317.14,69.85,71.24,98.4,STRONG,2026-09-07,2027-09-07,97.33558915024832,19.919799679198718,87.536,38.78264941993351,19.27,26.614064480713928,100.0,59.28,124,75.55,Nötr,False
AIG,AIG,American International Group,Financials,Multi-line Insurance,76.21,39849689088.0,88.5,88.0,80.0,101.0,16.13,22.0,23.73,185.49,143.39,117.2,198.91,240.36,3,8.673523,13.34,8.78651,18.48,0.5,-10.1,30.46,11.09,7.22,-0.17,1.62,-1.97,-4.53,24.25,-16.98,76.21,89.49,17.43,46.48,36.27,NEUTRAL,2026-09-07,2027-09-07,97.16961939476138,62.484089936359744,40.354,35.943233614195556,29.2,80.9854400650207,100.0,59.24,125,75.35,Nötr,False
TXT,TXT,Textron,Industrials,Aerospace & Defense,79.07,13599004672.0,102.06667,100.0,92.0,115.0,29.08,16.0,22.53,124.09,56.94,146.04,146.22,80.01,3,10.886641,20.11,7.26303,3.33,3.0,5.2,10.98,6.12,12.13,1.65,-13.17,-16.7,-2.69,26.73,-21.5,79.07,92.35,16.8,42.86,31.06,NEUTRAL,2026-09-07,2027-09-07,80.35402693025367,73.3503334013336,35.78,26.287439899504747,80.52,69.4932620902961,100.0,59.17,126,75.15,Nötr,False
CTSH,CTSH,Cognizant,Information Technology,IT Consulting & Other Services,62.31,28067180544.0,64.184,65.6,42.0,84.0,3.01,29.0,65.44,147.31,136.42,114.29,174.42,153.22,3,9.858928,18.08,6.32016,7.89,4.5,3.8,18.65,10.26,14.92,0.26,17.79,-4.74,-10.82,40.35,-54.78,62.31,101.77,63.33,66.75,96.19,STRONG,2026-09-07,2027-09-07,96.16984118321236,27.588910355641424,84.414,32.065790076510744,21.39,26.78387221896065,100.0,58.95,127,74.95,Nötr,False
IT,IT,Gartner,Information Technology,IT Consulting & Other Services,186.42,11772231680.0,185.15385,184.0,150.0,229.0,-0.68,15.0,42.67,406.07,117.82,295.83,403.12,519.25,3,11.395687,18.08,16.35882,8.94,-0.6,33.1,21.41,12.0,113.58,1.33,13.66,10.31,-21.25,55.16,-52.39,186.42,291.79,56.52,64.13,94.59,STRONG,2026-09-07,2027-09-07,95.83146864596408,16.059184236736947,82.406,49.7809033663709,25.27,21.673611527638734,100.0,58.85,128,74.65,Nötr,False
IQV,IQV,IQVIA,Health Care,Life Sciences Tools & Services,267.77,44074938368.0,276.27777,278.0,240.0,300.0,3.18,21.0,21.72,260.9,-2.57,245.93,191.7,345.06,3,18.518646,17.01,14.45948,4.88,8.7,-0.6,17.95,8.1,22.82,4.65,45.96,53.46,45.46,41.26,-35.87,267.77,352.84,31.77,53.74,81.36,NEUTRAL,2026-09-07,2027-09-07,62.583564048889194,35.41490165960664,70.312,49.22161582774981,94.27,34.62780431638625,100.0,58.85,128,74.65,Nötr,False
COP,COP,ConocoPhillips,Energy,Oil & Gas Exploration & Production,134.26,161291567104.0,145.33333,146.0,126.0,189.0,8.25,26.0,43.35,142.99,6.5,133.37,186.71,108.88,3,14.118809,14.03,9.5093,4.77,35.5,107.0,41.55,14.4,14.18,0.58,15.38,16.31,44.61,30.43,-22.28,134.26,169.12,25.97,44.37,68.74,NEUTRAL,2026-09-07,2027-09-07,63.228988806678046,39.46103784415138,58.99199999999999,52.38095238095238,98.37,53.90936896039547,100.0,58.84,130,74.35,Nötr,False
UPS,UPS,United Parcel Service,Industrials,Air Freight & Logistics,102.29,87026450432.0,116.07692,117.5,76.0,135.0,13.48,29.0,50.83,190.02,85.77,162.36,207.84,199.85,3,12.66765,20.11,8.0749,6.43,7.6,-53.0,13.44,5.08,29.6,1.99,-4.26,3.24,29.04,29.15,-19.9,102.29,123.08,20.33,44.75,49.1,NEUTRAL,2026-09-07,2027-09-07,92.50491704069796,51.13600454401818,47.36,39.768181653997736,51.69,49.2802071193738,100.0,58.79,131,74.16,Nötr,False
LULU,LULU,Lululemon Athletica,Consumer Discretionary,"Apparel, Accessories & Luxury Goods",100.61,11138535424.0,110.75385,105.5,44.0,280.0,10.08,34.0,213.09,234.57,133.15,155.25,290.39,258.06,3,10.871891,16.78,9.25414,10.31,-4.3,-5.9,21.49,12.78,30.9,0.32,-11.92,-40.86,-51.18,48.4,-53.4,100.61,125.12,24.36,58.44,65.33,NEUTRAL,2026-09-07,2027-09-07,96.85951844794734,36.76198704794819,62.574,50.10278548668928,28.29,24.129161202994798,100.0,58.76,132,73.96,Nötr,False
EQT,EQT,EQT Corporation,Energy,Oil & Gas Exploration & Production,55.17,34509717504.0,67.44,67.0,52.0,81.0,22.24,25.0,43.0,71.13,28.93,55.17,91.32,66.91,3,14.025249,14.03,3.93362,7.13,-3.9,-74.0,75.27,29.18,11.08,0.79,2.96,-10.43,7.76,30.48,-27.89,55.17,63.38,14.89,33.66,18.04,WEAK,2026-09-07,2027-09-07,79.69645228609372,66.93966775867104,24.287999999999997,50.0,94.67,46.58684973848103,100.0,58.68,133,73.76,Nötr,False
CPRT,CPRT,Copart,Industrials,Diversified Support Services,33.72,31218364416.0,41.0,41.0,25.0,55.0,21.59,13.0,73.17,35.41,5.03,33.77,39.65,32.83,3,20.078003,20.11,1.67945,3.2,2.1,2.3,42.28,33.48,17.61,-2.09,8.91,-10.65,-32.52,29.87,-44.44,33.72,41.18,22.13,56.17,58.72,NEUTRAL,2026-09-07,2027-09-07,62.74194361793333,48.468873875495504,57.7,53.069583463768474,85.37,44.223100470445814,100.0,58.51,134,73.56,Nötr,False
ADP,ADP,Automatic Data Processing,Industrials,Human Resource & Employment Services,277.62,110288084992.0,287.6,287.0,225.0,322.0,3.59,18.0,33.73,311.85,12.33,269.41,265.0,401.15,3,20.720322,20.11,13.39844,4.75,6.8,9.8,29.21,20.11,72.24,0.2,20.6,24.66,-5.26,27.17,-35.47,277.62,336.18,21.1,42.85,54.11,NEUTRAL,2026-09-07,2027-09-07,72.15038579857784,26.72942691770767,49.606,69.45765239505657,91.91,59.84808680542971,100.0,58.39,135,73.36,Nötr,False
INCY,INCY,Incyte,Health Care,Biotechnology,126.75,25691938816.0,127.73913,130.0,86.0,155.0,0.78,28.0,54.02,156.99,23.86,151.12,165.95,153.89,3,14.264846,17.01,8.88548,4.6,37.7,37.7,33.38,27.71,30.67,-2.32,23.8,32.11,48.35,33.1,-18.33,126.75,150.94,19.08,49.72,43.29,NEUTRAL,2026-09-07,2027-09-07,74.45539874400703,26.28942515770063,45.862,81.21853261078444,79.45,58.36980741492583,100.0,58.38,136,73.16,Nötr,False
VLO,VLO,Valero Energy,Energy,Oil & Gas Refining & Marketing,370.72,106740465664.0,325.21054,325.0,190.0,435.0,-12.28,20.0,75.34,446.36,20.4,437.78,404.18,497.12,3,11.876817,14.03,31.21375,7.88,51.7,453.5,10.1,5.45,27.64,0.26,45.47,66.46,143.63,36.14,-12.12,370.72,509.49,37.43,54.79,87.17,NEUTRAL,2026-09-07,2027-09-07,77.06317586795674,10.750203000812006,74.218,58.73015873015873,68.6,54.407527542067,100.0,58.36,137,72.96,Nötr,False
BXP,BXP,"BXP, Inc.",Real Estate,Office REITs,67.69,12243593216.0,76.5,77.0,60.0,91.0,13.02,22.0,40.52,92.0,35.92,76.09,81.03,118.89,3,30.452309,34.23,2.22282,7.19,3.7,-23.2,50.69,9.3,5.31,9.81,9.74,30.98,-6.09,27.81,-33.56,67.69,81.21,19.97,48.57,47.7,NEUTRAL,2026-09-07,2027-09-07,83.41832669322709,46.73258693034772,48.048,41.54320987654321,81.6,34.68886082303773,100.0,58.34,138,72.76,Nötr,False
DOV,DOV,Dover Corporation,Industrials,Industrial Machinery & Supplies & Components,192.88,25977122816.0,246.88889,250.0,168.0,288.0,28.0,18.0,48.6,221.04,14.6,234.12,224.42,204.58,3,16.565083,20.11,11.64377,3.49,6.9,14.1,22.67,13.48,14.91,0.79,-9.95,-6.98,9.25,26.13,-18.43,192.88,224.24,16.26,44.59,27.86,NEUTRAL,2026-09-07,2027-09-07,69.5763780321751,63.40277361109443,34.552,49.633420423867356,88.95,64.97418052902586,100.0,58.3,139,72.56,Nötr,False
NKE,NKE,"Nike, Inc.",Consumer Discretionary,"Apparel, Accessories & Luxury Goods",38.4,56966352896.0,50.45882,46.5,23.0,94.0,31.4,39.0,140.71,38.2,-0.51,38.44,44.5,31.68,3,16.760288,16.78,2.29113,3.32,-1.1,428.0,10.62,6.7,22.14,0.41,-9.71,-31.32,-47.36,36.07,-47.31,38.4,47.83,24.57,48.04,65.53,NEUTRAL,2026-09-07,2027-09-07,58.49991338991858,72.06940827763312,58.534,38.98700230800139,72.35,29.30529643526298,100.0,58.22,140,72.37,Nötr,False
TROW,TROW,T. Rowe Price,Financials,Asset Management & Custody Banks,109.78,23417815040.0,109.75,112.5,90.0,124.0,-0.03,13.0,30.98,162.55,48.07,137.64,188.11,161.91,3,10.6387205,13.34,10.31891,8.64,10.7,28.6,39.04,29.26,19.4,-0.94,4.82,24.73,3.59,24.17,-19.76,109.78,134.78,22.77,45.36,61.52,NEUTRAL,2026-09-07,2027-09-07,81.59786386369414,20.172280689122758,55.056,66.58331511013562,61.22,76.95230089071448,100.0,58.16,141,72.07,Nötr,False
UDR,UDR,"UDR, Inc.",Real Estate,Multi-Family Residential REITs,36.38,13364710400.0,42.02381,42.0,38.0,46.0,15.51,22.0,19.04,36.05,-0.89,19.17,37.16,51.84,3,64.96429,34.23,0.56,5.83,-0.1,90.9,58.92,29.56,13.74,5.76,-6.5,-0.38,-2.11,20.25,-15.56,36.38,41.95,15.31,41.8,20.24,NEUTRAL,2026-09-07,2027-09-07,65.88047808764941,62.60433041732166,28.863999999999997,65.12345679012346,84.7,74.38944489376367,100.0,58.16,141,72.07,Nötr,False
LUV,LUV,Southwest Airlines,Industrials,Passenger Airlines,39.62,19382427648.0,50.78696,50.0,35.0,65.0,28.19,25.0,59.07,85.04,114.64,96.98,73.1,,2,8.214821,20.11,4.82299,-4.31,16.4,20.5,7.77,2.78,11.1,1.33,-3.76,-3.39,29.59,44.11,-33.49,39.62,50.81,28.25,46.62,75.55,NEUTRAL,2026-09-07,2027-09-07,69.88131860742683,68.30239320957283,63.977999999999994,29.022598555447644,49.56,33.952169479821784,100.0,58.13,143,71.77,Nötr,False
MAA,MAA,Mid-America Apartment Communities,Real Estate,Multi-Family Residential REITs,128.32,15265434624.0,143.64,145.0,121.0,160.0,11.94,26.0,27.15,150.05,16.94,112.27,148.79,189.09,3,39.127083,34.23,3.27957,6.03,1.0,13.7,55.8,18.17,7.05,4.57,-5.62,-1.05,-6.66,18.91,-15.19,128.32,148.25,15.54,39.27,22.44,NEUTRAL,2026-09-07,2027-09-07,74.55511288180611,54.57125828503314,29.172000000000004,49.25925925925926,95.63,84.85670811470523,100.0,58.04,144,71.57,Nötr,False
EXR,EXR,Extra Space Storage,Real Estate,Self-Storage REITs,139.25,30732828672.0,158.5,157.5,140.0,178.0,13.82,21.0,23.97,155.3,11.52,164.55,135.43,165.91,3,28.968834,34.23,4.80689,4.88,3.8,6.0,65.81,27.28,6.95,5.94,-3.13,-2.88,1.32,22.62,-16.7,139.25,161.48,15.96,40.45,25.85,NEUTRAL,2026-09-07,2027-09-07,68.76228419654714,55.41490165960664,31.690000000000005,57.03703703703704,97.96,69.01771070304957,100.0,58.0,145,71.37,Nötr,False
GD,GD,General Dynamics,Industrials,Aerospace & Defense,359.39,97235550208.0,420.02475,430.0,319.0,465.0,16.87,24.0,34.76,418.73,16.51,373.4,388.46,494.32,3,19.352737,20.11,18.5705,4.53,8.1,13.4,12.09,8.18,17.8,0.78,4.19,-0.23,13.43,22.29,-14.53,359.39,416.21,15.81,36.53,24.15,NEUTRAL,2026-09-07,2027-09-07,72.45246860658632,60.471601886407555,29.102,44.005072588822976,99.69,78.10022775512718,100.0,57.96,146,71.17,Nötr,False
TXN,TXN,Texas Instruments,Information Technology,Semiconductors,258.44,236019728384.0,324.7097,340.0,225.0,400.0,25.64,36.0,53.89,170.45,-34.05,192.5,197.9,120.94,3,24.278408,18.08,10.64485,1.5,22.8,51.8,48.94,31.11,35.18,0.74,-8.87,35.12,41.56,42.23,-23.37,258.44,372.83,44.26,56.24,90.58,NEUTRAL,2026-09-07,2027-09-07,37.29738579926868,71.5697662790651,76.844,62.566087872818066,37.69,37.443944781089726,100.0,57.88,147,70.97,Nötr,False
TRV,TRV,Travelers Companies (The),Financials,Property & Casualty Insurance,369.35,77037182976.0,360.33334,359.5,262.0,430.0,-2.44,29.0,46.62,762.03,106.32,402.94,674.29,1208.85,3,12.226635,13.34,30.20864,19.18,0.3,57.1,23.44,16.95,26.51,0.35,22.31,21.53,34.28,20.89,-8.81,369.35,445.41,20.59,54.34,50.5,NEUTRAL,2026-09-07,2027-09-07,95.08519115029243,26.827387309549238,52.036,61.56447637328668,28.42,71.50563441882662,100.0,57.8,148,70.78,Nötr,False
FOXA,FOXA,Fox Corporation (Class A),Communication Services,Broadcasting,65.42,27505018880.0,75.32941,76.0,52.6,112.0,15.15,18.0,78.85,74.08,13.24,84.34,111.3,26.61,3,11.245573,14.5,5.8174,2.02,28.1,3.1,22.67,9.84,14.29,0.87,-1.77,9.92,8.59,35.78,-35.58,65.42,82.94,26.78,46.26,72.14,NEUTRAL,2026-09-07,2027-09-07,61.09893758300132,40.276521106084424,61.788,50.31565656565656,98.33,30.63231955959633,100.0,57.69,149,70.58,Nötr,False
CB,CB,Chubb Limited,Financials,Property & Casualty Insurance,341.59,131785375744.0,366.13043,369.0,306.0,425.0,7.18,25.0,32.5,431.36,26.28,388.28,441.89,463.91,3,11.734681,13.34,29.10944,7.96,6.1,-0.7,24.04,18.07,14.82,1.15,5.02,4.78,22.79,19.61,-9.36,341.59,411.13,20.36,49.15,49.3,NEUTRAL,2026-09-07,2027-09-07,75.07671441892006,40.005800023200095,49.239999999999995,43.16593818871314,83.64,75.17629803454932,100.0,57.68,150,70.28,Nötr,False
PNC,PNC,PNC Financial Services,Financials,Diversified Banks,245.6,97980571648.0,277.725,279.0,251.0,305.0,13.08,22.0,19.44,284.94,16.02,284.94,,,1,11.4969225,13.34,21.36224,,23.6,24.9,0.0,31.37,12.62,,8.4,21.03,22.34,21.53,-17.21,245.6,296.56,20.75,50.71,51.5,NEUTRAL,2026-09-07,2027-09-07,54.31606905710491,56.09130436521747,51.184,55.370308336505516,97.44,85.67101067609042,87.5,57.68,150,70.28,Nötr,False
GDDY,GDDY,GoDaddy,Information Technology,Internet Services & Infrastructure,101.31,12830679040.0,104.53333,100.0,76.0,170.0,3.18,17.0,89.92,229.92,126.94,199.42,193.94,296.39,3,9.187032,18.08,11.0275,9.39,6.6,29.8,27.02,17.83,442.86,1.91,20.06,7.83,-30.09,46.28,-49.63,101.31,140.28,38.46,56.93,87.98,NEUTRAL,2026-09-07,2027-09-07,96.82257272280741,14.027936111744445,75.56,57.57990867579909,25.02,11.913031924575202,100.0,57.64,152,69.98,Nötr,False
KIM,KIM,Kimco Realty,Real Estate,Retail REITs,23.6,15830629376.0,27.01136,26.5,24.0,31.0,14.45,24.0,25.92,29.24,23.89,30.67,25.32,31.73,3,26.339285,34.23,0.896,5.51,4.9,-5.8,60.91,27.76,5.81,6.12,-1.45,3.7,9.7,17.76,-12.7,23.6,26.9,13.96,38.71,10.42,WEAK,2026-09-07,2027-09-07,76.68791500664011,59.750159000636,21.736,54.629629629629626,92.08,73.09608946189263,100.0,57.61,153,69.78,Nötr,False
TDY,TDY,Teledyne Technologies,Information Technology,Electronic Equipment & Instruments,610.65,28307091456.0,757.25,755.0,640.0,877.0,24.01,12.0,31.3,579.29,-5.14,483.31,641.2,613.35,3,22.848606,18.08,26.72592,3.22,9.8,21.2,24.98,15.29,9.15,1.06,1.39,-5.71,11.64,26.3,-18.39,610.65,767.54,25.69,49.42,68.14,NEUTRAL,2026-09-07,2027-09-07,57.731812476122904,61.73716694866779,60.652,34.451189403541996,73.37,62.780828003129,100.0,57.59,154,69.58,Nötr,False
PGR,PGR,Progressive Corporation,Financials,Property & Casualty Insurance,218.95,127231852544.0,232.0,233.0,198.0,309.0,5.96,25.0,47.84,328.12,49.86,217.34,323.15,443.86,3,13.437346,13.34,16.29414,11.88,7.3,5.0,16.92,12.85,34.94,0.4,7.37,4.06,-6.36,26.39,-18.54,218.95,264.6,20.85,49.2,52.1,NEUTRAL,2026-09-07,2027-09-07,84.50962109010766,33.071932287729155,50.94,50.69879348932391,65.68,58.421642268411354,100.0,57.57,155,69.38,Nötr,False
ECHO,ECHO,EchoStar,Communication Services,Wireless Telecommunication Services,89.8,26086068224.0,128.42857,120.0,103.0,156.0,43.02,6.0,41.27,128.19,42.75,226.7,29.68,,2,5.742911,14.5,15.63667,-72.34,-4.0,,13.57,-38.71,-33.43,8.59,-22.77,-15.47,33.59,56.24,-40.84,89.8,121.19,34.95,51.64,85.17,NEUTRAL,2026-09-07,2027-09-07,61.37782204515272,66.812747250989,71.758,7.499999999999998,99.81,17.662611505316796,93.75,57.54,156,69.18,Nötr,False
HAL,HAL,Halliburton,Energy,Oil & Gas Equipment & Services,37.07,30884143104.0,43.12,43.0,29.0,53.0,16.32,28.0,55.66,39.91,7.65,40.7,37.12,41.89,3,12.773641,14.03,2.90207,6.64,3.7,16.1,18.5,7.16,14.92,1.49,-4.95,9.84,68.32,35.87,-27.12,37.07,45.24,22.05,41.08,58.52,NEUTRAL,2026-09-07,2027-09-07,68.827546955037,55.868583474333896,51.544,35.714285714285715,92.27,32.83957861761581,100.0,57.49,157,68.99,Nötr,False
GEHC,GEHC,GE HealthCare,Health Care,Health Care Equipment,68.86,31103115264.0,82.5,83.0,70.0,96.0,19.81,19.0,31.52,94.88,37.79,92.02,100.61,92.02,3,12.727763,17.01,5.41022,5.06,5.8,16.8,16.9,9.33,19.38,2.36,6.54,-7.19,-6.92,35.09,-32.47,68.86,79.18,14.98,38.68,18.44,WEAK,2026-09-07,2027-09-07,80.23364170436896,61.75580702322809,26.536,51.56157252606002,86.04,41.975218346475636,100.0,57.48,158,68.79,Nötr,False
TYL,TYL,Tyler Technologies,Information Technology,Application Software,364.03,14907855872.0,426.63635,427.5,335.0,525.0,17.2,22.0,44.53,312.94,-14.04,277.62,209.01,452.19,3,23.712915,18.08,15.35155,3.99,8.2,15.5,18.87,13.36,9.73,1.06,16.65,-2.82,-34.32,40.85,-51.37,364.03,507.55,39.42,61.7,88.38,STRONG,2026-09-07,2027-09-07,54.37592097363969,56.0311841247365,77.708,32.66779676547396,69.25,27.93658683689992,100.0,57.45,159,68.59,Nötr,False
DOC,DOC,Healthpeak Properties,Real Estate,Health Care REITs,20.65,14639760384.0,23.05263,23.0,17.0,29.0,11.64,22.0,52.05,30.34,46.94,4.79,29.57,56.67,3,147.5,34.23,0.14,11.24,11.1,68.2,53.25,8.25,3.04,5.53,5.86,23.33,22.64,29.29,-17.09,20.65,24.18,17.08,46.77,32.26,NEUTRAL,2026-09-07,2027-09-07,87.38114209827359,39.83879935519742,38.064,54.382716049382715,72.7,53.31682251182285,100.0,57.42,160,68.39,Nötr,False
OMC,OMC,Omnicom Group,Communication Services,Advertising,82.62,22666463232.0,102.08333,100.0,77.0,139.0,23.56,13.0,60.73,210.38,154.63,174.62,143.72,312.79,3,6.859523,14.5,12.04457,18.8,63.4,58.8,16.43,1.74,6.05,2.2,10.88,-0.7,8.44,36.09,-17.85,82.62,96.87,17.25,38.51,34.27,NEUTRAL,2026-09-07,2027-09-07,97.01859229747676,51.755447021788086,35.966,58.08080808080808,30.68,40.52736437088889,100.0,57.4,161,68.19,Nötr,False
EME,EME,Emcor,Industrials,Construction & Engineering,754.16,33265920000.0,1033.2858,1047.0,885.0,1200.0,37.01,10.0,30.49,723.87,-4.02,738.92,758.58,674.11,3,20.521925,20.11,36.74899,2.94,19.8,34.8,10.7,7.74,40.35,-0.19,-7.69,6.96,17.97,44.9,-28.71,754.16,904.67,19.96,44.11,47.29,NEUTRAL,2026-09-07,2027-09-07,56.709365071360125,71.17884471537886,46.018,54.72926850640403,64.78,55.725995218872015,100.0,57.39,162,67.99,Nötr,False
CHRW,CHRW,C.H. Robinson,Industrials,Air Freight & Logistics,147.64,17251919872.0,199.84,210.0,91.0,237.0,35.36,25.0,73.06,130.97,-11.29,150.79,117.1,125.02,3,19.687382,20.11,7.49922,2.79,19.3,23.8,5.49,3.73,37.12,1.95,-19.45,-17.18,17.82,44.28,-32.37,147.64,190.63,29.12,47.28,77.35,NEUTRAL,2026-09-07,2027-09-07,50.07917696303394,71.70920683682735,65.322,46.13913849936722,58.36,27.01001151311011,100.0,57.3,163,67.79,Nötr,False
RCL,RCL,Royal Caribbean Group,Consumer Discretionary,"Hotels, Resorts & Cruise Lines",265.19,70925615104.0,346.92307,353.0,262.0,415.0,30.82,28.0,44.1,306.59,15.61,340.44,272.74,,2,13.068143,16.78,20.29286,-2.14,6.5,-4.6,37.07,23.54,44.67,3.27,-5.29,-4.14,-25.09,46.83,-29.75,265.19,316.89,19.5,35.35,44.49,NEUTRAL,2026-09-07,2027-09-07,52.04803972515734,76.91066764267057,40.834,55.77479232659621,87.66,31.19871781124111,100.0,57.29,164,67.5,Nötr,False
ALLE,ALLE,Allegion,Industrials,Building Products,157.12,13360978944.0,174.63635,170.0,160.0,200.0,11.15,11.0,22.9,184.14,17.2,196.53,182.73,173.16,3,16.07499,20.11,9.77419,3.63,12.7,16.2,24.47,15.36,33.73,1.81,21.21,5.32,-7.25,27.4,-29.84,157.12,183.26,16.64,43.25,30.06,NEUTRAL,2026-09-07,2027-09-07,71.27792626960512,40.656362625450505,35.336,66.63813983448786,94.7,60.703751244913335,100.0,57.29,164,67.5,Nötr,False
BDX,BDX,Becton Dickinson,Health Care,Health Care Equipment,184.74,50320740352.0,195.66667,197.5,170.0,225.0,5.91,14.0,28.11,312.83,69.34,226.08,278.04,434.38,3,13.898074,17.01,13.29249,8.9,5.4,-31.4,27.22,4.19,6.61,2.63,23.08,12.03,25.88,25.5,-23.08,184.74,229.4,24.18,44.12,64.93,NEUTRAL,2026-09-07,2027-09-07,91.09460463231818,29.82935931743727,56.60600000000001,39.80467265374448,53.92,58.391091499513735,100.0,57.17,166,67.2,Nötr,False
MPC,MPC,Marathon Petroleum,Energy,Oil & Gas Refining & Marketing,388.9,109212753920.0,333.3889,322.0,186.0,462.0,-14.27,19.0,82.79,467.5,20.21,445.67,396.7,560.14,3,12.238649,14.03,31.77638,8.47,53.7,348.0,9.99,5.55,42.1,1.72,48.84,76.9,120.92,34.11,-18.33,388.9,509.93,31.12,58.08,80.36,STRONG,2026-09-07,2027-09-07,77.7765129956365,8.64959459837839,71.44800000000001,65.07936507936508,66.51,34.20010521848393,100.0,57.16,167,67.0,Nötr,False
BBY,BBY,Best Buy,Consumer Discretionary,Computer & Electronics Retail,90.27,19025946624.0,86.7,85.0,71.0,100.0,-3.95,25.0,33.45,149.94,66.1,120.97,163.21,165.63,3,12.518305,16.78,7.21104,7.38,3.6,70.1,6.2,3.01,43.13,0.66,27.86,39.27,23.69,38.23,-32.01,90.27,114.68,27.04,44.78,73.15,NEUTRAL,2026-09-07,2027-09-07,88.3509440498874,28.2623130492522,61.80200000000001,45.81339917833905,46.55,48.096584438281404,100.0,57.12,168,66.8,Nötr,False
CVX,CVX,Chevron Corporation,Energy,Integrated Oil & Gas,208.6,409190465536.0,221.20833,224.5,175.0,243.0,6.04,25.0,30.74,198.44,-4.87,188.36,216.8,190.16,3,15.532194,14.03,13.43017,5.36,53.5,321.9,24.2,9.83,12.23,0.56,12.34,11.8,37.5,23.55,-20.81,208.6,258.47,23.91,43.21,63.93,NEUTRAL,2026-09-07,2027-09-07,57.727186492126734,39.84547938191753,55.641999999999996,55.555555555555564,89.15,69.98822031073414,100.0,57.06,169,66.6,Nötr,False
ELV,ELV,Elevance Health,Health Care,Managed Health Care,407.5,88374239232.0,449.09525,457.0,393.0,492.0,10.21,22.0,22.04,544.61,33.65,503.53,605.69,524.62,3,13.764354,17.01,29.60546,4.87,1.4,-13.1,4.14,2.47,11.13,-0.78,-1.53,42.14,35.06,34.98,-26.49,407.5,492.89,20.96,43.33,53.51,NEUTRAL,2026-09-07,2027-09-07,78.26051725302179,47.89491157964632,49.437999999999995,28.374777406254406,80.78,63.98803124862188,100.0,57.04,170,66.4,Nötr,False
AMGN,AMGN,Amgen,Health Care,Biotechnology,437.23,236380536832.0,389.68967,395.0,230.0,457.0,-10.87,34.0,58.25,412.24,-5.72,415.12,399.08,422.5,3,17.913734,17.01,24.40753,3.66,9.5,64.9,45.33,22.95,91.47,2.51,25.8,19.91,60.43,27.61,-16.57,437.23,540.57,23.64,50.78,62.93,NEUTRAL,2026-09-07,2027-09-07,55.76676345465595,23.014492057968233,58.06999999999999,80.45039735919478,94.38,48.70821371267935,100.0,57.0,171,66.2,Nötr,False
NUE,NUE,Nucor,Materials,Steel,261.07,59230437376.0,282.8125,286.5,231.0,305.0,8.33,17.0,26.17,220.68,-15.47,298.06,268.51,95.47,3,13.707592,15.65,19.04565,1.15,23.0,93.8,15.74,7.99,14.55,0.78,2.88,55.62,82.54,31.78,-18.43,261.07,347.31,33.03,58.88,83.17,STRONG,2026-09-07,2027-09-07,44.87968127490039,38.05599222396889,73.45400000000001,57.48148148148149,75.32,69.04028932616724,100.0,56.8,172,66.0,Nötr,False
KDP,KDP,Keurig Dr Pepper,Consumer Staples,Soft Drinks & Non-alcoholic Beverages,32.59,44349317120.0,36.20588,38.0,29.0,42.0,11.1,18.0,35.91,43.3,32.87,39.21,21.46,69.24,3,12.857639,15.47,2.53468,10.39,75.6,-90.0,23.93,7.1,5.1,6.66,7.51,17.21,15.17,27.21,-17.71,32.59,38.26,17.39,39.83,35.87,NEUTRAL,2026-09-07,2027-09-07,82.10921021795173,38.693354773419095,37.454,56.66508538899431,82.15,48.945355920588696,100.0,56.79,173,65.81,Nötr,False
MRK,MRK,Merck & Co.,Health Care,Pharmaceuticals,150.33,370889916416.0,149.5,150.0,105.0,186.0,-0.55,28.0,54.18,160.48,6.75,162.36,156.61,162.47,3,15.747643,17.01,9.54619,4.09,5.1,,43.37,4.77,6.96,1.62,25.35,31.73,84.84,30.44,-11.37,150.33,194.38,29.3,54.17,77.96,NEUTRAL,2026-09-07,2027-09-07,65.46964683638329,25.04694018776075,68.444,47.79033270558694,92.92,57.79998074575146,93.75,56.75,174,65.61,Nötr,False
CNC,CNC,Centene Corporation,Health Care,Managed Health Care,67.04,33117425664.0,71.66667,70.5,56.0,85.0,6.9,21.0,40.47,255.99,281.84,90.36,162.06,515.55,3,12.6192465,17.01,5.31252,29.11,4.6,,2.56,-2.83,-20.36,-2.38,7.56,53.59,134.0,48.84,-32.73,67.04,108.63,62.04,55.91,95.39,NEUTRAL,2026-09-07,2027-09-07,99.7609561752988,31.306685226740907,79.598,29.246704331450093,0.0,46.468523184711785,93.75,56.73,175,65.41,Nötr,False
CFG,CFG,Citizens Financial Group,Financials,Regional Banks,70.78,29810892800.0,80.82353,81.0,70.0,90.0,14.19,18.0,24.75,87.08,23.03,87.08,,,1,10.841578,13.34,6.52857,,14.7,41.3,0.0,26.05,8.27,,11.35,23.63,38.85,26.46,-18.32,70.78,85.9,21.36,53.96,56.01,NEUTRAL,2026-09-07,2027-09-07,57.42363877822044,53.44285377141508,55.19,46.81365308970943,92.55,75.93868983825836,87.5,56.71,176,65.21,Nötr,False
GPN,GPN,Global Payments,Financials,Transaction & Payment Processing Services,92.54,24487786496.0,103.14286,95.0,60.0,194.0,11.46,34.0,129.92,288.51,211.77,213.31,144.85,507.38,3,5.786658,13.34,15.99196,32.13,68.6,-95.2,43.91,-9.15,2.43,4.05,40.07,21.99,7.42,40.27,-28.99,92.54,114.03,23.23,55.41,62.12,NEUTRAL,2026-09-07,2027-09-07,99.40239043824701,40.77000308001232,59.436,49.35786490716068,5.34,17.16757792147139,100.0,56.66,177,65.01,Nötr,False
CRH,CRH,CRH plc,Materials,Construction Materials,94.26,62709714944.0,138.31956,139.85,105.0,165.0,46.74,22.0,43.38,102.65,8.9,103.35,108.41,96.2,3,14.27319,15.65,6.60399,3.22,5.6,13.9,20.01,9.94,15.81,2.17,-9.92,-10.74,-14.6,31.87,-29.8,94.26,108.17,14.76,37.05,17.23,WEAK,2026-09-07,2027-09-07,67.13944223107569,77.5943103772415,25.158,58.444444444444436,70.39,44.2973920007012,100.0,56.61,178,64.81,Nötr,False
APO,APO,Apollo Global Management,Financials,Asset Management & Custody Banks,133.67,78937907200.0,153.05263,154.0,130.0,173.0,14.5,21.0,28.09,143.2,7.13,143.2,,,1,12.450923,13.34,10.73575,,63.8,63.7,0.0,5.27,11.41,,4.85,24.01,0.83,37.05,-34.05,133.67,168.43,26.01,57.52,68.94,NEUTRAL,2026-09-07,2027-09-07,50.84993359893758,55.394861579446314,64.372,48.91526456033499,93.35,44.73678968274521,87.5,56.59,179,64.61,Nötr,False
MMM,MMM,3M,Industrials,Industrial Conglomerates,168.56,86930169856.0,185.57059,192.0,120.0,219.0,10.09,18.0,53.35,254.91,51.23,196.61,193.86,374.26,3,17.238558,20.11,9.77808,7.3,2.5,32.8,25.77,11.9,81.89,1.21,10.11,10.93,10.39,26.25,-18.77,168.56,195.98,16.27,40.39,28.06,NEUTRAL,2026-09-07,2027-09-07,88.12496848050834,30.697362789451155,32.992000000000004,66.71311745984605,68.52,59.730845825870816,100.0,56.26,180,64.41,Nötr,False
ULTA,ULTA,Ulta Beauty,Consumer Discretionary,Other Specialty Retail,564.12,24120344576.0,624.5,640.0,450.0,731.0,10.7,27.0,45.0,546.47,-3.13,537.29,570.32,531.8,3,17.614048,16.78,32.02671,3.79,8.9,13.3,14.93,9.34,46.12,1.19,20.78,-12.72,6.54,34.77,-36.23,564.12,693.49,22.93,50.33,61.72,NEUTRAL,2026-09-07,2027-09-07,58.20717131474103,43.46689386757547,57.164,53.64370656923848,86.67,40.02658673804612,100.0,56.25,181,64.21,Nötr,False
SW,SW,Smurfit Westrock,Materials,Paper & Plastic Packaging Products & Materials,45.83,24038885376.0,56.71875,57.0,46.0,68.0,23.76,17.0,38.79,67.07,46.35,53.19,74.61,73.42,3,13.483893,15.65,3.39887,5.05,1.1,,14.61,1.59,2.71,2.95,12.03,9.16,2.21,43.99,-30.5,45.83,53.97,17.77,33.69,38.88,NEUTRAL,2026-09-07,2027-09-07,82.20876494023905,61.54296617186469,36.804,34.4,83.28,34.84354793085176,93.75,56.22,182,64.02,Nötr,False
NVDA,NVDA,Nvidia,Information Technology,Semiconductors,230.36,5562502742016.0,327.12808,315.0,180.0,515.0,42.01,60.0,102.41,166.29,-27.81,279.54,165.39,53.94,3,14.902219,18.08,15.4581,0.75,105.9,127.8,66.43,63.66,117.21,-0.12,12.32,29.7,34.37,38.12,-20.21,230.36,281.71,22.29,50.94,59.52,NEUTRAL,2026-09-07,2027-09-07,36.8782404628063,77.51567006268024,56.08800000000001,79.42100252999599,34.81,41.424537301406374,100.0,56.21,183,63.82,Nötr,False
USB,USB,U.S. Bancorp,Financials,Diversified Banks,63.37,98733719552.0,70.31818,69.5,65.0,77.0,10.96,23.0,17.07,77.24,21.88,77.24,,,1,10.943655,13.34,5.79057,,10.4,21.6,0.0,29.9,12.62,,14.76,23.3,34.02,22.16,-16.21,63.37,76.65,20.95,52.15,53.31,NEUTRAL,2026-09-07,2027-09-07,56.82602921646746,51.61812647250589,52.846000000000004,47.473594721482044,90.62,87.73331952174728,87.5,56.12,184,63.62,Nötr,False
TSN,TSN,Tyson Foods,Consumer Staples,Packaged Foods & Meats,51.42,18089631744.0,68.75,67.5,56.0,78.0,33.7,13.0,32.0,71.63,39.31,65.98,79.67,69.25,3,12.055481,15.47,4.26528,6.59,-0.1,204.1,4.98,1.03,3.26,2.62,-11.63,-14.8,-5.25,26.56,-23.87,51.42,56.93,10.72,33.65,1.2,WEAK,2026-09-07,2027-09-07,81.66861963909069,69.79151916607665,14.180000000000001,38.26296647691334,95.9,56.91018629470378,100.0,56.1,185,63.42,Nötr,False
FITB,FITB,Fifth Third Bancorp,Financials,Regional Banks,54.87,49761193984.0,62.9,63.5,55.0,70.0,14.63,21.0,23.85,65.89,20.07,65.89,,,1,11.108614,13.34,4.93941,,51.8,-5.7,0.0,23.24,8.44,,6.25,17.88,22.64,26.17,-21.21,54.87,66.63,21.43,49.2,56.31,NEUTRAL,2026-09-07,2027-09-07,56.22841965471447,57.71951087804351,53.46600000000001,40.61631772617688,95.36,73.4605061680684,87.5,56.08,186,63.12,Nötr,False
PSA,PSA,Public Storage,Real Estate,Self-Storage REITs,302.01,56399085568.0,336.27777,339.5,285.0,374.0,11.35,22.0,26.47,315.24,4.38,346.32,294.17,305.24,3,29.853035,34.23,10.11656,4.14,3.3,45.1,69.98,41.63,21.93,2.89,-1.57,-0.07,7.64,22.99,-16.2,302.01,344.69,14.13,42.4,12.22,WEAK,2026-09-07,2027-09-07,63.54448871181939,49.017156068624274,24.292,71.88271604938272,93.54,83.69714578261892,100.0,56.08,186,63.12,Nötr,False
VRT,VRT,Vertiv,Industrials,Electrical Components & Equipment,280.53,108000731136.0,338.15384,345.0,236.0,427.0,20.54,28.0,56.48,170.46,-39.24,183.43,115.06,212.89,3,30.75191,20.11,9.12236,2.5,24.1,53.0,23.34,15.09,43.94,0.08,-6.63,16.08,123.42,65.47,-40.7,280.53,387.31,38.06,59.02,87.78,STRONG,2026-09-07,2027-09-07,34.414241767108784,63.002852011408045,76.27600000000001,71.0892470615306,34.06,34.14706419093339,100.0,56.05,188,62.82,Nötr,False
UNP,UNP,Union Pacific Corporation,Industrials,Rail Transportation,289.62,172056150016.0,329.25,337.0,245.0,375.0,13.68,25.0,39.48,279.24,-3.59,284.62,311.56,241.53,3,20.460657,20.11,14.15497,2.74,11.5,6.6,50.7,28.85,39.7,2.26,6.85,15.1,32.58,22.36,-12.28,289.62,340.36,17.52,41.18,37.27,NEUTRAL,2026-09-07,2027-09-07,55.55600383277019,52.25028900115601,38.834,68.94953230644096,83.56,65.59563388037773,100.0,56.03,189,62.62,Nötr,False
GILD,GILD,Gilead Sciences,Health Care,Biotechnology,151.0,187227029504.0,157.40741,160.0,123.0,180.0,4.25,28.0,36.21,178.59,18.27,168.18,159.44,208.16,3,15.270437,17.01,9.88806,5.22,10.2,,47.94,-10.64,-20.68,1.46,17.68,6.2,37.39,26.6,-21.59,151.0,180.98,19.86,47.02,46.69,NEUTRAL,2026-09-07,2027-09-07,74.21838071443041,36.61006644026576,46.822,50.91023226616447,87.39,61.12261370619487,93.75,55.94,190,62.43,Nötr,False
AVY,AVY,Avery Dennison,Materials,Paper & Plastic Packaging Products & Materials,175.06,13267472384.0,201.8,204.5,181.0,225.0,15.27,11.0,21.8,259.09,48.0,175.06,182.06,420.14,3,15.649583,15.65,11.18624,7.57,10.9,10.8,16.18,7.62,31.16,2.28,13.47,-1.36,7.2,25.45,-21.62,175.06,195.68,11.78,27.19,3.21,WEAK,2026-09-07,2027-09-07,86.68685258964143,52.52009008036033,12.802000000000001,63.666666666666664,75.14,67.54589497085622,100.0,55.82,191,62.23,Nötr,False
BAC,BAC,Bank of America,Financials,Diversified Banks,62.68,438305488896.0,68.77273,68.5,62.0,75.0,9.72,24.0,18.9,70.6,12.63,70.6,,,1,11.842728,13.34,5.2927,,16.8,34.1,0.0,29.52,11.2,,17.03,30.2,27.17,21.26,-17.93,62.68,75.61,20.63,50.12,50.9,NEUTRAL,2026-09-07,2027-09-07,53.47941567065073,49.770199080796324,50.588,51.84123842152011,97.38,85.47592202297238,87.5,55.59,192,62.03,Nötr,False
PODD,PODD,Insulet Corporation,Health Care,Health Care Equipment,147.48,10228357120.0,171.90909,167.5,144.0,275.0,16.56,25.0,76.2,116.15,-21.24,131.15,127.06,90.25,3,19.126272,17.01,7.71086,2.32,23.5,328.6,20.14,12.29,26.02,0.67,-3.75,-37.77,-57.43,44.48,-62.23,147.48,202.29,37.17,53.23,86.97,NEUTRAL,2026-09-07,2027-09-07,39.78391518671078,51.66912667650671,73.47399999999999,63.29776103787403,61.29,26.12814578220677,100.0,55.58,193,61.83,Nötr,False
PPG,PPG,PPG Industries,Materials,Specialty Chemicals,112.53,25015418880.0,126.2,125.0,115.0,138.0,12.15,23.0,18.23,135.47,20.39,135.73,113.2,157.5,3,12.975004,15.65,8.67283,4.42,7.2,-1.5,16.43,9.57,19.3,2.17,-0.5,6.81,5.32,30.41,-25.68,112.53,128.75,14.41,35.09,13.83,WEAK,2026-09-07,2027-09-07,73.40079681274901,55.48586194344779,22.334000000000003,53.96296296296296,92.91,61.87195464487623,100.0,55.51,194,61.63,Nötr,False
C,C,Citigroup,Financials,Diversified Banks,137.72,231016595456.0,154.5,157.5,129.0,176.0,12.18,21.0,30.42,171.85,24.78,171.85,,,1,10.6898155,13.34,12.88329,,15.5,61.0,0.0,21.83,8.53,,4.49,30.55,44.86,29.19,-14.76,137.72,167.14,21.36,53.13,56.01,NEUTRAL,2026-09-07,2027-09-07,58.37981407702523,48.56119424477698,54.858,47.504428372034006,89.37,71.16645484474581,87.5,55.48,195,61.43,Nötr,False
BRK.B,BRK-B,Berkshire Hathaway,Financials,Multi-Sector Holdings,506.03,1083263352832.0,547.6667,529.0,510.0,604.0,8.23,4.0,17.16,583.21,15.25,296.02,879.86,573.76,3,22.801807,13.34,22.19254,6.64,10.0,107.8,33.97,22.3,12.12,-1.81,3.67,1.41,-0.17,14.58,-9.42,506.03,585.3,15.66,44.31,23.65,NEUTRAL,2026-09-07,2027-09-07,68.3546664406205,35.55062220248881,31.914,59.9555938917641,93.71,97.78987176916236,100.0,55.43,196,61.23,Nötr,False
EMR,EMR,Emerson Electric,Industrials,Electrical Components & Equipment,152.82,85243002880.0,171.81444,175.0,104.0,205.0,12.43,29.0,58.78,169.1,10.65,145.67,159.68,201.96,3,21.094362,20.11,7.24459,4.35,7.0,23.0,32.51,13.83,12.8,1.92,11.02,11.27,16.62,32.12,-23.45,152.82,177.24,15.98,40.8,26.05,NEUTRAL,2026-09-07,2027-09-07,69.6752231580009,46.747226988907954,31.95,58.210919126205006,98.41,41.727356545997,100.0,55.41,197,61.03,Nötr,False
FTV,FTV,Fortive,Industrials,Industrial Machinery & Supplies & Components,56.94,17196851200.0,64.30769,64.0,51.0,72.0,12.94,15.0,32.66,72.37,27.1,65.33,57.27,94.51,3,17.52577,20.11,3.24893,5.46,7.9,4.0,28.61,12.38,7.32,2.61,-6.88,-0.46,20.35,26.75,-13.31,56.94,66.0,15.91,37.92,25.25,NEUTRAL,2026-09-07,2027-09-07,79.25866155630642,42.993051972207894,30.317999999999998,48.93620451158398,88.2,61.89464221562457,100.0,55.25,198,60.83,Nötr,False
VLTO,VLTO,Veralto,Industrials,Environmental & Facilities Services,96.31,23479736320.0,114.0,112.5,100.0,136.0,18.37,16.0,31.58,95.09,-1.27,95.91,88.72,100.63,3,20.19086,20.11,4.76998,3.44,7.5,10.1,24.4,17.35,34.31,1.06,12.09,2.4,-9.17,23.09,-24.34,96.31,111.56,15.83,42.32,24.65,NEUTRAL,2026-09-07,2027-09-07,61.65969035251399,56.47658590634362,31.718,59.30798393440518,81.91,68.5473235177138,100.0,55.15,199,60.64,Nötr,False
WM,WM,Waste Management,Industrials,Environmental & Facilities Services,218.99,87533633536.0,259.92,263.0,220.0,277.0,18.69,28.0,21.93,209.39,-4.39,183.36,266.22,178.58,3,24.014063,20.11,9.11924,2.68,4.0,8.3,30.29,11.12,29.84,2.93,-0.64,-10.26,-1.09,20.22,-13.88,218.99,254.91,16.4,39.93,28.86,NEUTRAL,2026-09-07,2027-09-07,54.3113621463513,73.5439341757367,33.288,47.265643185667386,78.47,71.44290642090078,100.0,55.12,200,60.44,Nötr,False
HBAN,HBAN,Huntington Bancshares,Financials,Regional Banks,17.03,34407665664.0,20.3,20.0,18.0,23.0,19.2,20.0,24.63,25.04,47.02,25.04,,,1,9.072892,13.34,1.87702,,47.6,-2.9,0.0,26.13,9.0,,4.02,6.43,-1.18,26.36,-21.26,17.03,19.98,17.33,46.5,34.87,NEUTRAL,2026-09-07,2027-09-07,64.83399734395749,65.2191408765635,39.522,43.60192868925263,79.09,72.12875054283518,87.5,55.04,201,60.24,Nötr,False
APH,APH,Amphenol,Information Technology,Electronic Components,82.78,204132728832.0,99.14706,99.0,85.0,115.0,19.77,17.0,30.26,59.07,-28.64,58.71,70.27,48.24,3,25.499722,18.08,3.24631,1.87,55.0,59.3,32.62,17.73,38.12,1.42,19.45,25.99,47.84,45.11,-28.19,82.78,106.26,28.37,51.08,75.75,NEUTRAL,2026-09-07,2027-09-07,41.57070348742018,60.540962163848654,65.882,61.09191979352789,49.34,38.914177383880755,100.0,55.01,202,60.04,Nötr,False
RTX,RTX,RTX Corporation,Industrials,Aerospace & Defense,200.79,270616330240.0,234.81818,240.0,200.0,265.0,16.95,23.0,27.68,184.71,-8.01,157.96,173.35,222.82,3,25.559263,20.11,7.85586,3.65,14.5,28.7,17.0,8.28,12.27,1.92,11.31,-3.56,28.42,26.26,-19.32,200.79,235.66,17.37,41.42,35.67,NEUTRAL,2026-09-07,2027-09-07,57.66654899389783,63.10109240436962,37.97,50.436221902934854,76.11,65.86813312898404,100.0,55.0,203,59.84,Nötr,False
SWK,SWK,Stanley Black & Decker,Industrials,Industrial Machinery & Supplies & Components,97.36,14702980096.0,99.36364,98.0,90.0,110.0,2.06,15.0,20.13,193.47,98.72,128.27,166.53,285.61,3,15.261624,20.11,6.3794,9.65,0.4,247.8,11.75,4.07,6.89,2.58,25.38,30.77,34.68,37.63,-26.14,97.36,119.24,22.47,44.86,60.12,NEUTRAL,2026-09-07,2027-09-07,95.20500277371526,28.443953775815103,54.01599999999999,39.80778878338136,35.73,48.586508953512904,100.0,54.97,204,59.64,Nötr,False
BAX,BAX,Baxter International,Health Care,Health Care Equipment,25.83,13354006528.0,28.72727,28.0,23.0,40.0,11.22,13.0,59.18,41.96,62.46,34.63,40.13,51.12,3,12.684148,17.01,2.0364,7.49,5.3,36.8,16.42,-9.27,-14.37,3.99,33.33,46.15,9.75,43.36,-35.42,25.83,32.03,24.0,44.82,64.33,NEUTRAL,2026-09-07,2027-09-07,88.54345330542237,28.108152432609728,56.525999999999996,38.280572743849575,62.56,17.93652946531989,100.0,54.78,205,59.34,Nötr,False
DASH,DASH,DoorDash,Consumer Discretionary,Specialized Consumer Services,211.73,91742175232.0,254.42857,257.5,172.0,350.0,20.17,44.0,69.96,160.86,-24.02,136.63,50.45,295.52,3,25.998314,16.78,8.14399,5.61,35.6,-30.0,9.04,5.29,8.89,-1.42,35.03,18.17,-14.89,47.28,-47.97,211.73,270.18,27.61,50.5,73.95,NEUTRAL,2026-09-07,2027-09-07,51.3528494716785,63.99141596566387,64.57,39.04407940023111,54.94,32.97687969314544,100.0,54.78,205,59.34,Nötr,False
MDT,MDT,Medtronic,Health Care,Health Care Equipment,94.17,120456413184.0,104.76,106.0,85.0,121.0,11.25,29.0,34.36,109.2,15.96,108.84,106.96,111.79,3,14.715259,17.01,6.39948,4.49,13.7,40.7,27.72,13.93,10.65,1.86,16.35,5.39,4.72,23.44,-28.9,94.17,107.0,13.62,38.31,7.21,WEAK,2026-09-07,2027-09-07,70.41123641029104,50.79532318129272,19.650000000000002,64.09173211029547,95.85,57.560073701938734,100.0,54.75,207,59.05,Nötr,False
AMAT,AMAT,Applied Materials,Information Technology,Semiconductor Materials & Equipment,454.71,360856682496.0,640.8857,650.0,358.0,900.0,40.94,39.0,84.57,236.41,-48.01,333.73,254.78,120.72,3,24.639132,18.08,18.45479,0.85,24.8,42.8,32.93,30.05,41.07,-0.19,0.48,40.35,188.94,59.34,-39.64,454.71,768.96,69.11,66.68,98.0,STRONG,2026-09-07,2027-09-07,29.453146318834253,76.87902751611007,85.47200000000001,56.59865711682269,7.79,27.039860925041893,100.0,54.73,208,58.85,Nötr,False
SWKS,SWKS,Skyworks Solutions,Information Technology,Semiconductors,74.02,11137994752.0,68.35294,70.0,52.0,85.0,-7.66,23.0,48.28,99.67,34.66,89.93,116.17,92.92,3,14.884075,18.08,4.9731,4.03,-3.1,-68.6,21.93,7.23,5.09,-0.13,0.61,36.22,2.38,46.71,-35.24,74.02,105.24,42.17,60.71,89.78,STRONG,2026-09-07,2027-09-07,79.15188560825192,19.61411845647383,78.152,22.280101607081956,62.72,37.23373174083126,100.0,54.72,209,58.65,Nötr,False
AMCR,AMCR,Amcor,Materials,Paper & Plastic Packaging Products & Materials,45.15,20874909696.0,49.93462,50.0,42.0,60.0,10.6,14.0,36.05,76.3,68.99,68.18,57.61,103.11,3,10.3634205,15.65,4.35667,7.2,25.9,,15.04,4.71,9.4,3.97,20.11,7.58,12.99,31.05,-26.51,45.15,54.0,19.59,35.19,44.89,NEUTRAL,2026-09-07,2027-09-07,89.47250996015936,33.8373753495014,41.010000000000005,57.6,58.23,37.935413570680126,93.75,54.7,210,58.45,Nötr,False
ROL,ROL,"Rollins, Inc.",Industrials,Environmental & Facilities Services,35.86,17253873664.0,45.58824,45.0,32.0,66.0,27.13,19.0,74.58,28.55,-20.4,26.15,27.79,31.7,3,27.572527,20.11,1.30057,2.91,7.9,3.1,22.05,13.55,37.01,1.16,-23.49,-37.96,-36.02,26.97,-44.95,35.86,45.27,26.24,59.74,69.74,NEUTRAL,2026-09-07,2027-09-07,46.23707700842201,59.03035612142449,65.74,49.7103821682466,54.04,40.37244104656969,100.0,54.68,211,58.25,Nötr,False
TT,TT,Trane Technologies,Industrials,Building Products,447.9,98548383744.0,526.99146,532.0,422.0,575.0,17.66,24.0,29.03,364.72,-18.57,352.43,310.47,431.25,3,25.554218,20.11,17.52744,3.17,10.6,7.1,19.4,13.28,36.64,0.77,-1.73,6.35,9.43,28.44,-16.1,447.9,537.25,19.95,43.0,47.09,NEUTRAL,2026-09-07,2027-09-07,48.38519340360079,65.36138144552578,45.454,53.41478505628109,63.6,74.31173018587239,100.0,54.62,212,58.05,Nötr,False
FOX,FOX,Fox Corporation (Class B),Communication Services,Broadcasting,58.42,24561956864.0,,,,,,,,73.73,26.21,83.29,111.3,26.61,3,10.168842,14.5,5.745,2.26,28.1,3.1,22.67,9.84,14.29,0.87,-1.96,8.1,6.7,34.52,-34.14,58.42,75.14,28.62,49.12,76.55,NEUTRAL,2026-09-07,2027-09-07,67.19123505976096,50.0,65.578,51.01010101010101,50.0,40.353711066931744,81.25,54.61,213,57.85,Nötr,False
DG,DG,Dollar General,Consumer Staples,Consumer Staples Merchandise Retail,133.21,29388363776.0,138.93103,138.0,90.0,176.0,4.29,30.0,61.9,143.78,7.93,127.8,142.43,161.1,3,16.123959,15.47,8.26162,5.91,5.2,33.3,8.21,3.9,19.69,3.96,29.11,-8.06,25.34,37.14,-34.57,133.21,161.05,20.9,43.66,52.71,NEUTRAL,2026-09-07,2027-09-07,69.48675884696509,30.613042452169804,49.089999999999996,53.52526091081594,96.57,20.68269681685907,100.0,54.49,214,57.65,Nötr,False
FRT,FRT,Federal Realty Investment Trust,Real Estate,Retail REITs,117.09,10235812864.0,133.5,134.5,118.0,149.0,14.01,20.0,23.22,121.11,3.44,109.26,126.66,127.42,3,36.685894,34.23,3.19169,4.46,7.2,-45.6,62.73,32.66,12.55,5.65,-3.58,11.06,20.96,16.35,-8.73,117.09,133.35,13.89,41.36,9.42,WEAK,2026-09-07,2027-09-07,63.91235059760956,54.93857975431902,22.196,58.827160493827165,90.27,82.065132584586,100.0,54.47,215,57.46,Nötr,False
GOOG,GOOG,Alphabet Inc. (Class C),Communication Services,Interactive Media & Services,335.31,4100819517440.0,422.336,430.0,340.0,475.0,25.95,62.0,31.97,148.53,-55.7,215.35,192.9,37.33,3,22.573368,14.5,14.85423,0.55,24.2,294.0,38.84,54.77,48.68,-0.7,-8.21,12.63,44.63,31.02,-20.75,335.31,440.28,31.3,47.62,80.76,NEUTRAL,2026-09-07,2027-09-07,24.951859229747676,81.68360673442695,67.504,74.96843434343434,4.07,66.27054016913881,100.0,54.42,216,57.26,Nötr,False
CMCSA,CMCSA,Comcast,Communication Services,Cable & Satellite,26.49,94003388416.0,30.08136,29.395,21.0,44.0,13.56,28.0,76.46,75.11,183.55,52.51,100.75,72.07,3,7.3131742,14.5,3.62223,13.51,-1.2,-66.8,27.28,8.97,11.49,2.43,12.72,-14.88,-12.71,30.97,-30.8,26.49,31.78,19.97,41.49,47.49,NEUTRAL,2026-09-07,2027-09-07,96.42430278884461,46.28942515770063,45.09,44.00252525252525,14.39,32.212503203889554,100.0,54.29,217,57.06,Nötr,False
DXCM,DXCM,Dexcom,Health Care,Health Care Equipment,87.9,33170012160.0,94.12,94.0,79.0,115.0,7.08,28.0,38.25,60.62,-31.03,53.13,57.24,71.49,3,28.136465,17.01,3.12406,3.08,13.1,43.6,28.24,20.12,38.49,-0.39,20.64,29.07,8.84,41.12,-31.88,87.9,118.12,34.38,56.64,84.57,NEUTRAL,2026-09-07,2027-09-07,38.29292997501519,39.23531694126776,73.398,69.2969026907687,56.7,47.37672369487038,100.0,54.2,218,56.86,Nötr,False
IVZ,IVZ,Invesco,Financials,Asset Management & Custody Banks,33.07,14600397824.0,33.375,33.5,29.0,39.0,0.92,13.0,29.96,42.41,28.24,43.5,39.63,44.09,3,10.140035,13.34,3.26133,7.81,20.5,,20.93,-0.93,-0.57,0.49,21.72,41.75,55.38,33.83,-22.03,33.07,40.95,23.84,60.48,63.73,NEUTRAL,2026-09-07,2027-09-07,75.36831397813003,21.975887903551616,62.43,39.814299405788766,76.16,55.41982130817854,93.75,54.17,219,56.66,Nötr,False
AZO,AZO,AutoZone,Consumer Discretionary,Automotive Retail,2983.29,,3941.8262,3979.0,3200.0,4800.0,32.13,27.0,40.59,2936.89,-1.56,2936.89,,,1,17.04127,16.78,175.06267,,8.4,7.7,21.33,12.4,,3.01,-4.27,-18.07,-29.52,29.14,-32.86,2983.29,3557.57,19.25,44.76,43.89,NEUTRAL,2026-09-07,2027-09-07,46.069057104913675,78.0560722242889,44.238,59.308510638297875,70.78,42.155363135220995,87.5,54.16,220,56.46,Nötr,False
SJM,SJM,J.M. Smucker Company (The),Consumer Staples,Packaged Foods & Meats,126.08,13468267520.0,141.4375,145.0,114.0,157.0,12.18,19.0,30.4,217.99,72.89,168.37,205.26,280.33,3,11.5844555,15.47,10.88355,10.87,5.0,,24.72,2.51,3.93,3.05,22.91,15.7,16.85,29.0,-22.82,126.08,144.75,14.81,41.33,17.84,WEAK,2026-09-07,2027-09-07,90.9444574642606,46.54538618154473,27.235999999999997,53.713235294117645,57.4,50.67964838576698,93.75,54.15,221,56.26,Nötr,False
UHS,UHS,Universal Health Services,Health Care,Health Care Facilities,169.65,9998579712.0,193.64706,191.0,166.0,290.0,14.15,20.0,64.03,410.72,142.1,408.5,600.29,223.39,3,7.0634317,17.01,24.01807,4.98,8.3,10.1,14.9,8.42,20.95,1.9,17.16,-11.71,-8.24,32.12,-42.0,169.65,200.56,18.22,46.41,40.48,NEUTRAL,2026-09-07,2027-09-07,92.56398136268484,41.5317661270645,42.852,50.619205623241136,28.17,30.983331577118726,100.0,54.12,222,56.06,Nötr,False
SNA,SNA,Snap-on,Industrials,Industrial Machinery & Supplies & Components,383.0,19811487744.0,413.77777,415.0,330.0,485.0,8.04,11.0,37.46,514.09,34.23,429.04,461.29,651.93,3,17.94962,20.11,21.3375,5.6,4.2,5.1,26.83,19.6,17.93,-0.24,1.48,4.26,19.65,19.96,-8.67,383.0,443.56,15.81,37.07,24.15,NEUTRAL,2026-09-07,2027-09-07,82.02178627263099,28.011072044288177,29.317999999999998,56.764420272696384,78.38,85.2705653755263,100.0,54.05,223,55.86,Nötr,False
DHI,DHI,D. R. Horton,Consumer Discretionary,Homebuilding,142.75,39927357440.0,162.91667,157.5,125.0,206.0,14.13,18.0,49.72,199.16,39.52,197.4,185.39,214.68,3,12.131519,16.78,11.76687,6.05,0.0,-4.8,12.38,9.15,12.63,1.24,-1.67,-2.48,-18.24,35.59,-27.56,142.75,167.26,17.17,42.28,33.27,NEUTRAL,2026-09-07,2027-09-07,83.01576303481724,42.921811687246745,36.874,35.84706142522979,79.98,42.097473785182984,100.0,54.04,224,55.67,Nötr,False
BG,BG,Bunge Global,Consumer Staples,Agricultural Products & Services,118.71,22806460416.0,141.22221,140.0,116.0,150.0,18.96,9.0,24.08,148.95,25.48,175.45,122.46,,2,10.467081,15.47,11.34127,-28.39,88.3,33.0,3.4,1.1,7.18,5.21,-5.54,3.01,50.07,31.73,-20.18,118.71,141.0,18.78,46.45,42.08,NEUTRAL,2026-09-07,2027-09-07,55.75423795016014,57.83311133244534,43.828,36.56605787476281,94.67,50.06327413334446,100.0,53.92,225,55.47,Nötr,False
FFIV,FFIV,"F5, Inc.",Information Technology,Communications Equipment,390.47,22111215616.0,436.1,438.0,300.0,515.0,11.69,13.0,49.3,355.65,-8.92,326.9,345.52,394.52,3,21.600664,18.08,18.07676,3.24,10.9,11.4,27.9,21.95,19.83,-1.47,-0.73,36.42,24.22,35.79,-34.73,390.47,509.51,30.49,50.83,79.36,NEUTRAL,2026-09-07,2027-09-07,54.77869344539649,32.63721054884219,67.94800000000001,42.62747972694369,79.68,46.86673791494861,100.0,53.91,226,55.27,Nötr,False
ANET,ANET,Arista Networks,Information Technology,Communications Equipment,193.78,244400128000.0,241.03607,246.5,185.0,289.0,24.39,31.0,43.15,90.86,-53.11,93.32,83.14,96.12,3,37.552223,18.08,5.16028,1.59,37.7,35.7,44.02,38.37,31.48,-2.88,25.61,45.82,37.27,54.76,-28.33,193.78,265.38,36.95,55.54,86.57,NEUTRAL,2026-09-07,2027-09-07,30.947988866452,73.4575338301353,74.15799999999999,64.1577964091365,9.5,46.930116667333415,100.0,53.89,227,54.97,Nötr,False
IEX,IEX,IDEX Corporation,Industrials,Industrial Machinery & Supplies & Components,223.74,16494090240.0,254.5,258.0,215.0,280.0,13.75,15.0,25.54,207.59,-7.22,192.66,201.03,229.08,3,23.351276,20.11,9.58149,3.37,6.4,10.9,26.99,14.49,12.96,1.31,4.24,13.83,37.73,22.45,-14.49,223.74,265.08,18.48,44.17,41.48,NEUTRAL,2026-09-07,2027-09-07,56.11932018760402,48.80467521870087,42.556,49.84686497488957,79.7,80.35510846160147,100.0,53.89,227,54.97,Nötr,False
PRU,PRU,Prudential Financial,Financials,Life & Health Insurance,122.02,42096898048.0,113.4,113.0,92.0,131.0,-7.06,18.0,34.39,236.59,93.89,198.14,139.27,372.35,3,8.214212,13.34,14.85474,17.88,14.1,89.2,7.98,6.01,12.01,3.37,17.98,28.82,18.05,22.61,-21.46,122.02,147.56,20.93,48.22,53.11,NEUTRAL,2026-09-07,2027-09-07,93.51699584640161,19.394757579030315,51.153999999999996,54.708659213603774,29.6,53.23797141444364,100.0,53.87,229,54.67,Nötr,False
ATO,ATO,Atmos Energy,Utilities,Gas Utilities,167.56,28315721728.0,188.18182,190.0,170.0,206.0,12.31,14.0,19.13,149.02,-11.07,151.15,146.89,,2,18.581152,16.76,9.01774,-7.84,4.8,23.3,53.32,28.5,9.79,3.74,-0.98,-8.39,4.04,15.7,-12.74,167.56,201.04,19.98,30.95,47.9,NEUTRAL,2026-09-07,2027-09-07,44.95523283211241,47.10390841563366,41.12,69.92028179458657,76.77,93.64464194212835,100.0,53.79,230,54.47,Nötr,False
ODFL,ODFL,Old Dominion,Industrials,Cargo Ground Transportation,185.87,38655066112.0,230.54546,232.5,156.0,280.0,24.04,24.0,53.79,140.02,-24.67,133.59,144.59,141.88,3,27.975616,20.11,6.644,2.51,10.4,32.3,32.01,19.44,24.82,-0.15,-23.26,-3.91,25.68,38.0,-25.2,185.87,225.94,21.56,45.35,57.31,NEUTRAL,2026-09-07,2027-09-07,41.48015532805487,64.49965799863199,52.526,64.88680070047012,51.14,49.369252008356526,100.0,53.72,231,54.27,Nötr,False
BALL,BALL,Ball Corporation,Materials,"Metal, Glass & Plastic Containers",62.67,16588958720.0,72.57143,73.5,63.0,79.0,15.8,15.0,22.05,59.9,-4.42,70.78,63.43,45.49,3,13.856552,15.65,4.52277,2.29,19.7,9.2,14.49,6.61,17.15,3.41,18.8,0.91,26.03,25.64,-21.83,62.67,73.9,17.91,37.26,39.48,NEUTRAL,2026-09-07,2027-09-07,57.209561752988044,55.658382633530536,38.592,49.74074074074074,80.87,58.84767945433611,100.0,53.57,232,54.08,Nötr,False
SO,SO,Southern Company,Utilities,Electric Utilities,88.11,101358485504.0,99.97368,101.0,79.0,114.0,13.46,23.0,35.01,90.83,3.08,82.54,99.11,,2,17.892862,16.76,4.92431,-3.86,0.1,30.4,47.24,15.43,11.48,5.2,-4.06,-8.11,-0.93,17.13,-14.99,88.11,100.48,14.04,26.97,11.02,WEAK,2026-09-07,2027-09-07,61.25519427665681,50.87664350657403,17.4,71.0882461994809,90.42,79.99552140900798,100.0,53.54,233,53.88,Nötr,False
PPL,PPL,PPL Corporation,Utilities,Electric Utilities,35.11,26421850112.0,40.92857,42.0,36.0,45.0,16.57,15.0,21.99,37.38,6.46,35.48,39.27,,2,16.584557,16.76,2.11703,-7.34,4.2,21.2,40.0,13.47,8.63,5.33,-0.97,-7.5,-0.75,17.85,-13.58,35.11,40.75,16.06,31.87,26.65,NEUTRAL,2026-09-07,2027-09-07,57.886732639335136,57.58223032892132,28.738,45.82869855394883,90.94,87.74780369435081,100.0,53.53,234,53.68,Nötr,False
LHX,LHX,L3Harris,Industrials,Aerospace & Defense,256.45,47754743808.0,344.53845,350.0,269.0,405.0,34.35,18.0,39.47,212.52,-17.13,270.67,154.36,,2,19.050655,20.11,13.46148,,190.0,-6.1,16.69,10.37,,3.23,-16.29,-29.43,-4.08,28.57,-31.4,256.45,327.42,27.67,53.61,74.15,NEUTRAL,2026-09-07,2027-09-07,42.45683930942895,70.77752311009243,65.934,47.748493975903614,52.6,38.232772823929395,87.5,53.5,235,53.48,Nötr,False
MSFT,MSFT,Microsoft,Information Technology,Systems Software,499.7,3710545297408.0,572.91516,555.0,400.0,870.0,14.65,55.0,82.04,334.89,-32.98,426.3,508.97,69.41,3,21.19773,18.08,23.57328,0.45,17.7,31.7,58.53,40.3,34.04,0.27,20.15,22.68,-0.82,32.5,-34.5,499.7,713.66,42.82,62.5,89.98,STRONG,2026-09-07,2027-09-07,32.99841728974513,52.6062504250017,78.988,56.56572135428598,47.56,34.05110897194045,100.0,53.46,236,53.28,Nötr,False
KLAC,KLAC,KLA Corporation,Information Technology,Semiconductor Materials & Equipment,185.6,242495094784.0,233.76923,234.0,175.0,325.0,25.95,29.0,64.17,91.33,-50.79,120.97,90.45,62.58,3,27.745058,18.08,6.68948,1.08,15.2,13.8,44.59,35.57,87.5,0.21,-3.69,38.37,113.68,60.08,-43.59,185.6,313.86,69.11,66.27,97.8,STRONG,2026-09-07,2027-09-07,29.35381760628718,68.33039332157328,85.18799999999999,57.65127797885392,12.37,24.685901938139192,100.0,53.42,237,53.08,Nötr,False
KR,KR,Kroger,Consumer Staples,Food Retail,58.59,35895005184.0,70.27273,71.5,57.0,86.0,19.94,24.0,41.27,106.23,81.31,85.62,133.12,99.96,3,10.586456,15.47,5.53443,8.34,2.2,13.2,5.44,0.71,13.78,2.64,-7.2,-19.98,-11.68,28.08,-26.16,58.59,65.27,11.39,36.43,2.4,WEAK,2026-09-07,2027-09-07,90.01640496836184,63.056772227088906,16.012,40.14468690702087,59.26,46.89384177078282,100.0,53.41,238,52.88,Nötr,False
NDSN,NDSN,Nordson Corporation,Industrials,Industrial Machinery & Supplies & Components,318.36,17732450304.0,349.7143,360.0,282.0,375.0,9.85,8.0,26.59,283.48,-10.96,260.24,255.24,334.95,3,24.598028,20.11,12.9425,3.46,10.3,23.0,32.15,18.63,17.76,1.78,12.92,17.37,42.71,22.12,-14.15,318.36,378.22,18.8,46.23,42.28,NEUTRAL,2026-09-07,2027-09-07,54.86106208079076,35.28874115496462,43.86,65.88164199101537,79.08,77.30114862902354,100.0,53.39,239,52.68,Nötr,False
COF,COF,Capital One,Financials,Consumer Finance,219.6,134721282048.0,258.27274,254.5,214.0,300.0,17.61,24.0,33.3,320.31,45.86,320.31,,,1,9.144658,13.34,24.01402,,1111.0,,0.0,21.87,9.03,,21.98,17.91,-1.46,31.97,-31.47,219.6,258.26,17.6,49.58,37.68,NEUTRAL,2026-09-07,2027-09-07,64.35590969455511,62.91649166596666,42.44,46.22522522522523,78.56,47.486092131247254,81.25,53.27,240,52.49,Nötr,False
BIIB,BIIB,Biogen,Health Care,Biotechnology,220.83,32628516864.0,236.86516,240.0,165.0,300.0,7.26,35.0,56.99,267.06,20.93,281.37,293.24,226.55,3,13.348275,17.01,16.54371,3.88,3.4,-84.8,33.5,8.32,4.58,2.1,13.05,19.45,57.8,35.08,-14.34,220.83,264.34,19.7,49.16,46.29,NEUTRAL,2026-09-07,2027-09-07,70.88729826456884,36.27998511994048,47.438,35.34745976231044,88.02,46.052445433816835,100.0,53.24,241,52.19,Nötr,False
FERG,FERG,Ferguson Enterprises,Industrials,Trading Companies & Distributors,228.41,44186537984.0,288.42856,290.0,235.0,325.0,26.28,23.0,31.2,241.4,5.69,252.32,230.48,,2,18.201727,20.11,12.54881,,4.6,6.9,9.77,6.32,,2.1,-0.14,-0.04,-2.26,31.72,-18.32,228.41,274.97,20.38,41.97,49.7,NEUTRAL,2026-09-07,2027-09-07,56.44090305444887,74.00289601158404,46.608000000000004,24.59713855421687,82.25,56.73161529381801,87.5,53.24,241,52.19,Nötr,False
LOW,LOW,Lowe's,Consumer Discretionary,Home Improvement Retail,204.45,114707488768.0,253.75758,255.0,191.0,290.0,24.12,35.0,39.01,222.54,8.85,219.12,243.85,204.63,3,15.6528015,16.78,13.06156,4.02,8.3,0.0,14.08,7.35,,3.05,-2.39,-17.94,-21.14,27.12,-29.7,204.45,232.86,13.9,38.43,9.82,WEAK,2026-09-07,2027-09-07,65.88948553611641,75.29802119208478,21.264,42.397611639054745,86.89,46.89900930408679,93.75,53.22,243,51.89,Nötr,False
KEY,KEY,KeyCorp,Financials,Regional Banks,22.18,23668912128.0,26.02105,25.0,22.0,43.0,17.32,19.0,80.7,28.5,28.5,28.5,,,1,10.380543,13.34,2.13669,,10.1,25.3,0.0,27.54,10.33,,2.91,13.87,20.4,23.44,-17.76,22.18,26.78,20.75,49.56,51.5,NEUTRAL,2026-09-07,2027-09-07,59.8140770252324,46.12454449817799,50.724000000000004,43.758913843420885,90.91,54.39606847890612,87.5,53.16,244,51.69,Nötr,False
WBD,WBD,Warner Bros. Discovery,Communication Services,Broadcasting,28.25,70826614784.0,29.81818,31.0,26.0,31.25,5.55,19.0,17.61,53.22,88.37,1.01,28.75,129.88,3,403.57144,14.5,0.07,22.83,-11.2,-90.6,21.58,-8.77,-8.79,3.67,7.66,1.07,140.02,42.81,-15.68,28.25,33.73,19.4,44.48,44.29,NEUTRAL,2026-09-07,2027-09-07,93.42961487383799,37.50731002924012,44.366,27.146464646464647,43.64,54.30979586741408,100.0,53.1,245,51.49,Nötr,False
GOOGL,GOOGL,Alphabet Inc. (Class A),Communication Services,Interactive Media & Services,338.46,4139343675392.0,428.06668,429.0,340.0,515.0,26.47,63.0,40.88,148.53,-56.12,215.35,192.9,37.33,3,22.785429,14.5,14.85423,0.55,24.2,294.0,38.84,54.77,48.68,-0.7,-8.05,13.6,46.21,31.48,-21.05,338.46,437.29,29.2,49.38,77.76,NEUTRAL,2026-09-07,2027-09-07,24.832337317397077,78.51703406813628,66.408,74.96843434343434,3.04,60.61439686862127,100.0,53.09,246,51.29,Nötr,False
JCI,JCI,Johnson Controls,Industrials,Building Products,144.94,87796162560.0,163.36842,161.0,129.0,190.0,12.71,21.0,37.34,125.16,-13.65,121.65,104.09,149.74,3,23.957659,20.11,6.04984,3.4,9.3,15.3,17.3,14.32,14.33,2.04,1.18,10.11,36.14,29.46,-12.71,144.94,176.08,21.48,45.06,56.51,NEUTRAL,2026-09-07,2027-09-07,52.561904281607745,46.056184224736896,51.93,48.967614294620184,73.51,59.964665790874776,100.0,53.03,247,51.09,Nötr,False
HRL,HRL,Hormel Foods,Consumer Staples,Packaged Foods & Meats,21.54,11854556160.0,26.125,26.0,23.0,30.0,21.29,10.0,26.79,25.66,19.13,24.03,29.85,23.1,3,13.865198,15.47,1.55353,5.24,-2.9,-5.1,10.41,2.82,4.29,-0.26,-7.71,-9.46,-10.18,29.28,-22.4,21.54,24.36,13.09,38.01,5.61,WEAK,2026-09-07,2027-09-07,72.14436372158426,60.55760223040892,18.57,32.07819418089816,98.2,71.70189988209374,100.0,53.01,248,50.89,Nötr,False
AFL,AFL,Aflac,Financials,Life & Health Insurance,117.21,58762448896.0,118.53333,116.0,99.0,138.0,1.13,15.0,32.9,137.98,17.72,100.59,137.99,175.37,3,15.542125,13.34,7.54144,8.77,-1.0,46.8,33.57,26.91,16.91,1.19,-0.37,6.4,10.24,17.08,-10.12,117.21,137.18,17.04,45.26,31.86,NEUTRAL,2026-09-07,2027-09-07,72.76765279308299,21.590246360985443,37.22,59.066379235093656,84.84,74.94101523125775,100.0,52.91,249,50.7,Nötr,False
WTW,WTW,Willis Towers Watson,Financials,Insurance Brokers,334.74,31087951872.0,379.94736,385.0,303.0,455.0,13.51,21.0,40.01,296.31,-11.48,305.34,323.47,260.12,3,14.622741,13.34,22.89174,4.55,9.1,-26.8,27.88,15.49,19.76,1.93,27.48,11.27,2.75,30.0,-30.39,334.74,417.6,24.75,52.72,66.53,NEUTRAL,2026-09-07,2027-09-07,49.77112825294567,47.05818823275293,61.006,41.00612299443585,75.26,41.96317530134269,100.0,52.88,250,50.4,Nötr,False
VZ,VZ,Verizon,Communication Services,Integrated Telecommunication Services,50.14,208320430080.0,51.58182,51.5,44.0,71.0,2.88,25.0,52.34,91.3,82.09,76.54,112.68,84.67,3,9.496788,14.5,5.27968,8.38,-0.7,-22.0,36.78,11.64,15.84,3.76,12.4,1.26,21.24,25.03,-17.05,50.14,59.14,17.94,41.37,39.88,NEUTRAL,2026-09-07,2027-09-07,88.66533864541833,26.979747918991677,40.476,55.36616161616161,44.4,49.06030998378467,100.0,52.88,250,50.4,Nötr,False
PHM,PHM,PulteGroup,Consumer Discretionary,Homebuilding,124.45,23706025984.0,142.26666,146.0,100.0,166.0,14.32,16.0,46.39,174.36,40.1,188.73,193.51,140.84,3,11.062448,16.78,11.24977,4.55,-9.6,-18.2,16.78,11.62,14.9,0.42,5.33,-2.24,-8.84,32.87,-22.6,124.45,145.82,17.17,39.12,33.47,NEUTRAL,2026-09-07,2027-09-07,78.35267625151566,42.56877027508109,35.73,33.976677038656696,79.73,52.35882280190006,100.0,52.72,252,50.1,Nötr,False
TFC,TFC,Truist Financial,Financials,Diversified Banks,51.65,63096995840.0,54.91667,55.0,45.0,61.0,6.32,21.0,29.14,66.39,28.55,66.39,,,1,10.376571,13.34,4.97756,,8.2,36.7,0.0,30.69,9.06,,6.02,13.39,14.43,23.95,-20.67,51.65,62.84,21.67,52.77,57.72,NEUTRAL,2026-09-07,2027-09-07,59.933598937583,36.316705266821074,55.74,45.4682908260373,81.08,72.30046574261844,87.5,52.67,253,49.9,Nötr,False
SPG,SPG,Simon Property Group,Real Estate,Retail REITs,209.44,79508340736.0,236.89474,229.0,207.0,285.0,13.11,21.0,32.93,191.99,-8.33,229.1,179.93,166.95,3,31.295248,34.23,6.69239,3.26,19.5,-12.5,73.84,66.57,120.51,5.54,0.68,9.93,20.87,19.09,-11.54,209.44,241.99,15.54,40.64,22.65,NEUTRAL,2026-09-07,2027-09-07,50.45152722443559,49.24255697022788,29.845999999999997,73.82716049382715,79.06,74.96712444106237,100.0,52.65,254,49.7,Nötr,False
RDDT,RDDT,Reddit,Communication Services,Interactive Media & Services,154.46,29717567488.0,213.10303,210.0,130.0,300.0,37.97,34.0,79.77,93.21,-39.65,140.45,68.2,70.98,3,15.944275,14.5,9.68749,2.28,61.1,177.8,28.84,31.35,30.71,-3.45,-10.95,10.81,-33.45,71.67,-54.99,154.46,189.59,22.75,49.0,61.32,NEUTRAL,2026-09-07,2027-09-07,34.43891102257636,76.08062432249729,56.392,74.17929292929294,21.72,28.00210676488829,100.0,52.62,255,49.5,Nötr,False
ZBH,ZBH,Zimmer Biomet,Health Care,Health Care Equipment,98.07,18705645568.0,107.57143,106.0,93.0,130.0,9.69,27.0,34.4,156.29,59.37,154.22,163.55,151.11,3,10.815837,17.01,9.06726,5.83,4.8,33.8,30.03,9.48,6.41,2.79,12.6,4.77,-5.4,31.68,-24.14,98.07,111.92,14.12,39.23,12.02,WEAK,2026-09-07,2027-09-07,85.97170639475996,45.31058124232497,22.904,51.45267774404175,63.07,45.96633453374151,100.0,52.6,256,49.3,Nötr,False
MSI,MSI,Motorola Solutions,Information Technology,Communications Equipment,468.05,77459365888.0,526.8182,530.0,476.0,550.0,12.56,14.0,14.05,370.69,-20.8,345.46,394.08,372.53,3,24.50131,18.08,19.10306,2.55,13.3,9.5,30.71,17.44,91.57,2.37,14.41,2.16,-1.11,26.15,-25.45,468.05,580.15,23.95,47.87,64.13,NEUTRAL,2026-09-07,2027-09-07,46.585984827812034,48.06583226332906,57.62599999999999,49.38913577984454,65.21,58.388527374747326,100.0,52.51,257,49.01,Nötr,False
AMP,AMP,Ameriprise Financial,Financials,Asset Management & Custody Banks,560.56,49516068864.0,579.4545,562.0,489.0,645.0,3.37,14.0,26.92,625.02,11.5,689.19,,560.85,2,10.849172,13.34,51.66846,5.86,11.6,11.7,0.0,19.9,63.43,,23.68,21.4,10.96,25.6,-20.87,560.56,675.22,20.45,51.5,50.1,NEUTRAL,2026-09-07,2027-09-07,59.94772682320363,26.622946491785967,50.66,51.33342062470022,92.43,71.88193484384276,93.75,52.51,257,49.01,Nötr,False
COO,COO,Cooper Companies (The),Health Care,Health Care Supplies,69.59,13572179968.0,81.5,85.0,66.0,92.0,17.11,16.0,31.9,65.79,-5.47,84.96,54.92,57.47,3,13.930313,17.01,4.99558,3.13,7.9,,20.95,5.57,2.85,2.92,3.34,-9.09,2.34,27.77,-30.05,69.59,86.81,24.74,40.32,66.33,NEUTRAL,2026-09-07,2027-09-07,52.9049902086569,54.512658050632204,55.925999999999995,34.657878217200256,78.67,46.27842955397324,93.75,52.49,259,48.71,Nötr,False
SYK,SYK,Stryker Corporation,Health Care,Health Care Equipment,303.13,116272504832.0,382.72,382.0,315.0,465.0,26.26,28.0,39.19,275.06,-9.26,284.97,257.3,282.93,3,18.091988,17.01,16.75493,3.53,9.4,44.1,28.55,14.43,16.51,1.62,-0.56,-16.4,-22.35,28.07,-27.58,303.13,346.83,14.42,37.27,14.03,WEAK,2026-09-07,2027-09-07,51.900871091903575,74.78641914567658,23.326,62.208706458101126,67.27,52.77900439942063,100.0,52.46,260,48.51,Nötr,False
DPZ,DPZ,Domino's,Consumer Discretionary,Restaurants,341.08,11283518464.0,380.64285,375.0,270.0,450.0,11.6,30.0,47.29,342.29,0.35,350.1,277.12,399.66,3,16.344063,16.78,20.86874,4.71,4.3,6.8,20.36,11.86,,4.84,9.3,-15.55,-24.85,29.91,-38.11,341.08,401.44,17.7,40.79,38.68,NEUTRAL,2026-09-07,2027-09-07,62.771522605231254,48.067952271809084,39.524,51.932133546379625,89.39,30.71817676213643,93.75,52.45,261,48.31,Nötr,False
RL,RL,Ralph Lauren Corporation,Consumer Discretionary,"Apparel, Accessories & Luxury Goods",351.2,20925284352.0,446.70587,455.0,250.0,520.0,27.19,19.0,60.44,356.5,1.51,350.87,351.2,367.44,3,16.792194,16.78,20.91448,4.21,14.0,21.6,19.07,11.76,37.54,0.67,-3.95,4.33,10.67,34.86,-18.57,351.2,400.75,14.11,37.09,11.72,WEAK,2026-09-07,2027-09-07,62.380045037242326,60.67364269457078,21.868000000000002,60.15726958141389,77.54,48.67225250382326,100.0,52.41,262,48.11,Nötr,False
VEEV,VEEV,Veeva Systems,Health Care,Health Care Technology,275.09,44539502592.0,295.17856,300.0,180.0,350.0,7.3,29.0,57.59,174.28,-36.64,174.18,143.44,205.23,3,26.861557,17.01,10.24103,2.82,17.6,39.5,31.1,29.34,14.42,-6.59,59.37,40.72,1.86,42.72,-50.55,275.09,423.33,53.89,56.66,93.59,NEUTRAL,2026-09-07,2027-09-07,34.52697683840908,34.76325905303621,78.81800000000001,69.01943451580256,48.49,37.48754621740911,100.0,52.37,263,47.91,Nötr,False
FE,FE,FirstEnergy,Utilities,Electric Utilities,46.77,27062990848.0,53.16667,53.0,48.0,56.0,13.68,16.0,15.05,61.54,31.59,49.44,73.65,,2,15.857463,16.76,2.9494,-7.44,8.8,8.3,34.68,6.94,9.49,5.33,1.75,-6.14,11.91,16.08,-14.71,46.77,53.93,15.3,29.51,20.04,NEUTRAL,2026-09-07,2027-09-07,67.75949963586514,52.20804883219533,23.828000000000003,39.72932888394512,85.4,89.17585861134184,100.0,52.3,264,47.71,Nötr,False
MPWR,MPWR,Monolithic Power Systems,Information Technology,Semiconductors,1223.86,60144152576.0,1839.8,1820.0,1575.0,2100.0,50.33,17.0,28.54,447.38,-63.45,630.6,429.88,281.66,3,35.097088,18.08,34.8707,0.74,47.6,85.8,30.56,24.5,21.98,-1.39,-17.24,20.04,45.31,53.34,-28.07,1223.86,1782.39,45.64,55.45,90.98,NEUTRAL,2026-09-07,2027-09-07,24.17398897560443,79.53895815583262,76.768,56.01105664238482,0.0,54.40872894786004,100.0,52.27,265,47.51,Nötr,False
Q,Q,Qnity Electronics,Information Technology,Semiconductor Materials & Equipment,120.47,25203353600.0,176.75,180.0,150.0,189.0,46.72,8.0,22.07,113.03,-6.18,97.26,126.83,114.99,3,22.399939,18.08,5.37814,3.06,22.1,-34.3,29.29,11.25,6.72,2.34,-15.14,9.51,,56.47,-34.2,120.47,,,,,,,,55.83419745674835,77.13242852971412,50.0,33.052030359951736,56.02,35.404186187675336,87.5,52.18,266,47.32,Nötr,False
VRSN,VRSN,Verisign,Information Technology,Internet Services & Infrastructure,292.08,26404030464.0,321.4,325.0,270.0,355.0,10.04,5.0,26.45,243.37,-16.68,198.77,244.33,287.0,3,26.572704,18.08,10.99173,3.15,6.0,7.7,69.44,49.77,,1.1,-0.67,20.48,6.73,28.7,-26.42,292.08,368.61,26.2,48.65,69.54,NEUTRAL,2026-09-07,2027-09-07,49.893030617257,35.39014156056624,61.184000000000005,55.473129610115905,72.37,55.16898949455326,93.75,52.17,267,47.12,Nötr,False
SMCI,SMCI,Supermicro,Information Technology,"Technology Hardware, Storage & Peripherals",39.59,26009260032.0,42.375,42.5,15.0,60.0,7.03,19.0,106.19,89.25,125.43,96.31,82.18,,2,7.4334574,18.08,5.32592,-31.71,93.2,434.7,7.23,5.71,21.47,0.61,-4.92,26.45,-2.73,91.24,-65.01,39.59,64.45,62.78,59.94,95.79,STRONG,2026-09-07,2027-09-07,70.85830195200933,20.43316173264693,81.45,42.548576431840274,28.77,13.67828524501821,100.0,52.11,268,46.82,Nötr,False
HSIC,HSIC,Henry Schein,Health Care,Health Care Distributors,89.81,10009014272.0,98.1875,101.0,64.0,112.0,9.33,17.0,48.89,106.78,18.89,102.02,112.59,105.73,3,14.97245,17.01,5.99835,4.46,6.7,17.1,7.94,2.96,8.85,3.39,15.96,15.73,32.5,25.85,-17.23,89.81,106.24,18.3,45.88,40.88,NEUTRAL,2026-09-07,2027-09-07,71.62603822000135,29.679238716954867,42.88,39.68157884622776,91.62,48.73028431580374,100.0,52.11,268,46.82,Nötr,False
AMZN,AMZN,Amazon,Consumer Discretionary,Broadline Retail,258.51,2788369891328.0,328.1707,325.5,230.0,405.0,26.95,61.0,53.33,128.7,-50.22,174.48,204.19,7.42,3,24.855967,16.78,10.40032,0.12,19.6,242.3,21.78,17.44,30.56,0.76,5.07,21.25,9.69,34.41,-21.74,258.51,340.71,31.8,51.14,81.56,NEUTRAL,2026-09-07,2027-09-07,26.520006928806513,75.03054012216049,69.392,62.82276200176293,12.68,47.65965457415402,100.0,52.06,270,46.52,Nötr,False
CAT,CAT,Caterpillar Inc.,Industrials,Construction Machinery & Heavy Transportation Equipment,813.94,374147776512.0,975.60614,980.5,575.0,1225.0,19.86,28.0,66.63,495.73,-39.09,651.02,502.33,333.86,3,25.139189,20.11,32.37734,1.35,24.0,68.2,21.75,14.51,56.97,2.41,-9.82,19.99,95.44,39.63,-26.7,813.94,1063.25,30.63,55.57,79.56,NEUTRAL,2026-09-07,2027-09-07,30.483130768066975,60.317481269925075,69.964,65.90609439757698,34.77,29.52460344244713,100.0,52.01,271,46.32,Nötr,False
FDS,FDS,FactSet,Financials,Financial Exchanges & Data,301.96,10739371008.0,259.0625,253.5,210.0,340.0,-14.21,18.0,50.18,285.24,-5.54,262.9,294.77,298.04,3,15.320336,13.34,19.70975,5.78,6.4,-9.6,38.24,23.21,27.03,1.36,18.57,34.85,-16.81,47.24,-49.16,301.96,388.64,28.71,55.42,76.95,NEUTRAL,2026-09-07,2027-09-07,56.388064762227685,13.22241288965156,68.33800000000001,52.926617657513674,90.38,23.578179110595833,100.0,51.98,272,46.12,Nötr,False
ABBV,ABBV,AbbVie,Health Care,Biotechnology,256.46,453194874880.0,276.5862,280.0,200.0,328.0,7.85,31.0,46.28,251.31,-2.01,276.92,224.78,252.23,3,15.751116,17.01,16.28202,3.72,10.2,290.4,47.78,9.8,,2.09,13.67,13.18,24.14,26.5,-17.32,256.46,296.12,15.47,38.71,21.24,NEUTRAL,2026-09-07,2027-09-07,59.09379431426835,40.551722206888826,28.228,74.16810792113456,90.42,56.62272134589326,93.75,51.95,273,45.92,Nötr,False
AON,AON,Aon plc,Financials,Insurance Brokers,323.09,68535607296.0,389.52942,387.0,339.0,433.0,20.56,20.0,24.13,270.0,-16.43,272.51,280.79,256.7,3,15.81455,13.34,20.42992,4.66,2.2,-3.0,33.57,22.27,44.7,2.5,-1.43,-4.67,-13.07,27.14,-16.97,323.09,378.59,17.18,44.91,33.67,NEUTRAL,2026-09-07,2027-09-07,47.686700008476734,67.7441909767639,38.166,49.00895861399308,63.75,63.66433883893255,100.0,51.92,274,45.73,Nötr,False
HSY,HSY,Hershey Company (The),Consumer Staples,Packaged Foods & Meats,173.15,34790277120.0,205.5238,200.0,170.0,250.0,18.7,23.0,38.92,159.01,-8.16,152.66,146.92,177.46,3,17.546223,15.47,9.86822,5.01,6.6,631.0,22.38,12.24,32.81,1.89,-5.45,-21.84,-3.74,27.43,-27.38,173.15,194.64,12.41,35.75,4.61,WEAK,2026-09-07,2027-09-07,55.908132177173655,61.13716454865819,17.066000000000003,75.27573529411765,74.48,53.78590475302142,100.0,51.9,275,45.53,Nötr,False
LRCX,LRCX,Lam Research,Information Technology,Semiconductor Materials & Equipment,307.65,384968884224.0,370.87097,367.0,290.0,500.0,20.55,35.0,56.62,141.2,-54.1,209.28,137.38,76.94,3,26.584322,18.08,11.57261,0.8,30.0,34.8,37.2,31.27,65.07,-0.17,1.51,54.45,208.06,63.93,-41.76,307.65,473.91,54.04,63.5,93.79,STRONG,2026-09-07,2027-09-07,27.027779293783766,65.39822159288637,81.674,60.68849488146689,10.3,29.790245132548385,100.0,51.88,276,45.23,Nötr,False
FCX,FCX,Freeport-McMoRan,Materials,Copper,72.73,104441561088.0,72.04545,75.0,30.0,83.0,-0.94,23.0,73.56,61.5,-15.44,64.72,72.13,47.66,3,17.587261,15.65,4.13538,2.07,-7.3,28.1,36.93,11.39,14.75,0.66,15.05,23.09,59.57,51.0,-24.31,72.73,93.51,28.58,57.44,76.15,NEUTRAL,2026-09-07,2027-09-07,48.999203187251,17.369629478517915,68.666,57.629629629629626,84.21,38.56466411949147,100.0,51.88,276,45.23,Nötr,False
EXPD,EXPD,Expeditors International,Industrials,Air Freight & Logistics,188.8,24542230528.0,177.7143,180.0,100.0,220.0,-5.87,17.0,67.52,170.35,-9.77,159.4,165.15,186.49,3,23.81553,20.11,7.9276,3.25,32.1,51.5,10.5,7.63,42.67,-0.37,17.68,29.22,56.83,30.8,-15.88,188.8,235.49,24.73,51.24,66.13,NEUTRAL,2026-09-07,2027-09-07,53.20137172827677,9.95979983919936,60.174,59.00232007309719,95.77,61.14547015769405,100.0,51.82,278,44.93,Nötr,False
WRB,WRB,W. R. Berkley Corporation,Financials,Property & Casualty Insurance,69.14,25666670592.0,69.52941,70.0,51.0,83.0,0.56,18.0,46.02,98.1,41.89,64.57,89.73,140.0,3,14.282438,13.34,4.84091,11.87,1.2,15.0,17.32,12.94,20.21,-0.31,1.74,-0.22,-2.56,22.42,-17.62,69.14,81.23,17.48,48.43,37.07,NEUTRAL,2026-09-07,2027-09-07,82.29126048995508,18.673314693258774,41.614000000000004,46.0915083498242,65.91,71.44893498063058,100.0,51.79,279,44.73,Nötr,False
WFC,WFC,Wells Fargo,Financials,Diversified Banks,89.97,272069214208.0,100.23913,102.0,90.0,115.0,11.41,26.0,24.94,105.38,17.13,105.38,,,1,11.388002,13.34,7.90042,,9.5,25.0,0.0,27.23,12.57,,10.43,13.16,12.35,26.37,-23.02,89.97,105.36,17.11,46.23,32.67,NEUTRAL,2026-09-07,2027-09-07,54.7941567065073,53.9500158000632,38.094,45.24479127014338,95.0,70.07281627536052,87.5,51.78,280,44.53,Nötr,False
PSX,PSX,Phillips 66,Energy,Oil & Gas Refining & Marketing,255.09,102274506752.0,229.94737,234.0,160.0,335.0,-9.86,20.0,76.1,224.07,-12.16,298.73,180.68,192.81,3,11.976242,14.03,21.29967,4.44,53.1,344.9,6.52,4.66,23.45,1.66,40.07,55.64,99.61,30.89,-17.28,255.09,337.87,32.45,55.02,82.16,NEUTRAL,2026-09-07,2027-09-07,50.56346044393853,10.99068396273585,71.304,48.412698412698404,97.41,40.294574285368995,100.0,51.68,281,44.33,Nötr,False
PLD,PLD,Prologis,Real Estate,Industrial REITs,137.34,133507031040.0,158.23077,160.0,140.0,170.0,15.21,17.0,18.96,115.61,-15.82,116.56,94.45,135.83,3,40.3348,34.23,3.405,4.05,12.3,85.3,69.76,43.58,7.75,5.24,-4.29,3.65,25.91,21.47,-9.59,137.34,156.24,13.76,39.56,8.52,WEAK,2026-09-07,2027-09-07,50.626826029216474,56.61310645242581,20.936,74.5679012345679,68.87,87.01078432544347,100.0,51.64,282,44.14,Nötr,False
HCA,HCA,HCA Healthcare,Health Care,Health Care Facilities,405.0,87683112960.0,451.4762,435.0,380.0,579.0,11.48,25.0,44.08,619.96,53.08,545.36,858.33,456.17,3,12.630523,17.01,32.06518,4.26,8.7,11.6,20.18,8.77,,3.2,9.05,-23.72,-0.93,30.75,-33.62,405.0,468.09,15.58,38.03,23.05,NEUTRAL,2026-09-07,2027-09-07,81.32689580660409,45.13606054424218,29.042,49.34970598408855,68.55,34.73157152723216,93.75,51.63,283,43.84,Nötr,False
ITW,ITW,Illinois Tool Works,Industrials,Industrial Machinery & Supplies & Components,270.12,76930170880.0,301.85715,300.0,249.0,350.0,11.75,16.0,33.46,252.77,-6.42,249.26,249.39,259.66,3,21.79004,20.11,12.39649,3.16,6.1,10.1,29.18,19.39,104.62,1.84,7.53,-1.33,4.24,21.39,-17.44,270.12,314.54,16.45,41.57,29.06,NEUTRAL,2026-09-07,2027-09-07,54.82525593827223,40.644922579690316,34.064,63.96746128417735,82.3,69.09339942553001,100.0,51.63,283,43.84,Nötr,False
TER,TER,Teradyne,Information Technology,Semiconductor Materials & Equipment,357.03,55818338304.0,446.46667,450.0,350.0,550.0,25.05,17.0,44.8,163.12,-54.31,210.72,191.5,87.15,3,30.639856,18.08,11.65247,0.78,103.9,385.8,33.71,25.77,36.46,-0.17,-0.21,30.86,199.93,76.07,-33.98,357.03,563.91,57.94,60.17,94.79,STRONG,2026-09-07,2027-09-07,26.514762866342846,60.86160344641378,80.94200000000001,66.87858564570892,7.04,36.884154621506426,100.0,51.62,285,43.44,Nötr,False
ICE,ICE,Intercontinental Exchange,Financials,Financial Exchanges & Data,161.26,90530471936.0,186.7143,182.0,163.0,232.0,15.78,15.0,36.95,114.62,-28.92,117.39,116.03,110.45,3,18.323166,13.34,8.80088,4.01,4.8,14.2,63.59,38.25,14.09,2.9,14.39,-2.29,-6.42,25.0,-29.34,161.26,204.19,26.62,56.46,71.54,NEUTRAL,2026-09-07,2027-09-07,39.34390099177757,48.36379345517382,65.50800000000001,54.670963741685945,52.15,46.39487501621312,100.0,51.62,285,43.44,Nötr,False
GM,GM,General Motors,Consumer Discretionary,Automobile Manufacturers,87.76,79374663680.0,101.64,102.0,61.0,132.0,15.82,26.0,69.85,329.45,275.4,248.94,136.15,603.26,3,5.914205,16.78,14.83885,27.63,1.9,-26.2,8.87,1.05,3.16,6.32,7.1,17.18,52.62,34.06,-16.0,87.76,103.55,17.99,45.63,40.08,NEUTRAL,2026-09-07,2027-09-07,99.6414342629482,51.78568714274858,42.3,26.308295723189342,0.0,34.76707126023969,100.0,51.53,287,43.14,Nötr,False
STE,STE,Steris,Health Care,Health Care Equipment,224.59,21897549824.0,263.125,269.5,232.0,280.0,17.16,9.0,18.24,220.39,-1.87,208.3,236.41,216.47,3,18.338203,17.01,12.24711,3.65,7.3,14.0,27.17,13.33,11.39,0.95,6.4,-1.98,-6.93,25.36,-25.37,224.59,257.49,14.65,38.01,16.43,WEAK,2026-09-07,2027-09-07,58.65487203727463,56.8311073244293,25.061999999999998,49.09734766474073,82.32,71.97215951063022,100.0,51.49,288,42.94,Nötr,False
AMD,AMD,Advanced Micro Devices,Information Technology,Semiconductors,477.57,779621105664.0,613.8449,610.0,365.0,1250.0,28.54,54.0,144.17,189.69,-60.28,279.41,120.95,168.72,3,30.90922,18.08,15.45073,1.13,50.1,159.5,23.15,15.58,10.2,-0.92,2.4,148.18,195.18,71.78,-27.76,477.57,838.91,75.66,67.55,99.4,STRONG,2026-09-07,2027-09-07,27.117830049664356,70.50228200912804,86.66,48.248295943352524,0.0,33.30151001641072,100.0,51.45,289,42.64,Nötr,False
DGX,DGX,Quest Diagnostics,Health Care,Health Care Services,237.14,26173937664.0,245.86667,250.0,204.0,265.0,3.68,17.0,24.81,226.16,-4.63,205.08,255.67,217.74,3,19.667086,17.01,12.05771,3.48,10.2,15.0,19.6,9.19,14.6,2.55,18.88,20.05,33.97,23.74,-11.55,237.14,283.69,19.63,45.11,45.09,NEUTRAL,2026-09-07,2027-09-07,55.62563306097643,30.48084192336769,45.098,49.31193444107085,91.65,72.25834235139232,100.0,51.45,289,42.64,Nötr,False
CDNS,CDNS,Cadence Design Systems,Information Technology,Application Software,292.7,80607535104.0,403.12036,405.0,300.0,470.0,37.72,25.0,42.17,168.34,-42.49,172.59,150.35,182.09,3,30.669674,18.08,9.54363,2.0,24.2,125.4,36.93,23.61,23.23,0.52,-22.19,-1.43,-16.21,40.76,-29.71,292.7,360.58,23.19,45.88,61.92,NEUTRAL,2026-09-07,2027-09-07,35.78398733831796,79.08395633582535,55.504000000000005,59.81775884098695,17.83,40.04410138395477,100.0,51.4,291,42.35,Nötr,False
EXC,EXC,Exelon,Utilities,Electric Utilities,43.64,44960280576.0,48.88235,48.0,41.0,58.0,12.01,21.0,34.78,54.28,24.38,50.93,57.63,,2,14.363295,16.76,3.0383,-5.97,9.9,-0.2,32.99,10.99,9.71,6.09,-3.7,-9.91,4.39,19.25,-13.74,43.64,50.15,14.92,29.99,18.24,WEAK,2026-09-07,2027-09-07,69.64614659641006,45.41490165960664,22.939999999999998,44.53096032628847,89.54,69.58699994743544,100.0,51.34,292,42.15,Nötr,False
RF,RF,Regions Financial Corporation,Financials,Regional Banks,30.42,25915697152.0,32.9425,33.05,28.0,36.0,8.29,22.0,24.28,37.92,24.64,37.92,,,1,10.701396,13.34,2.84262,,3.4,8.5,0.0,30.84,11.87,,7.67,14.73,15.68,23.96,-18.45,30.42,36.43,19.74,49.83,46.49,NEUTRAL,2026-09-07,2027-09-07,58.26029216467463,43.72657490629963,47.82600000000001,36.866286004314176,85.95,78.69151158513183,87.5,51.33,293,41.95,Nötr,False
BLK,BLK,BlackRock,Financials,Asset Management & Custody Banks,1122.29,182345416704.0,1320.8125,1310.0,1190.0,1488.0,17.69,17.0,22.56,836.28,-25.48,857.78,855.12,795.93,3,17.451822,13.34,64.3079,4.16,30.6,19.6,40.72,24.09,12.28,0.1,12.72,18.12,3.34,27.08,-22.45,1122.29,1327.71,18.3,48.94,41.08,NEUTRAL,2026-09-07,2027-09-07,41.68178350428075,61.14216456865827,44.224000000000004,57.28010989713118,55.08,70.38441141173445,100.0,51.32,294,41.75,Nötr,False
ARE,ARE,Alexandria Real Estate Equities,Real Estate,Office REITs,52.65,9060816896.0,53.0,52.5,47.0,60.0,0.66,16.0,24.53,156.24,196.75,,121.63,190.85,2,-65.0,34.23,-0.81,14.84,-11.9,,62.74,-36.08,-4.08,7.13,4.02,6.81,-32.61,46.71,-51.61,52.65,70.23,33.39,44.25,83.37,NEUTRAL,2026-09-07,2027-09-07,92.49667994687915,26.216064864259458,67.722,35.407407407407405,1.32,30.95289319527059,93.75,51.31,295,41.55,Nötr,False
MTB,MTB,M&T Bank,Financials,Regional Banks,239.84,34636795904.0,257.25,255.0,224.0,300.0,7.26,20.0,29.54,281.02,17.17,281.02,,,1,11.384187,13.34,21.06782,,6.2,25.5,0.0,32.09,10.74,,8.52,15.5,21.92,21.52,-16.98,239.84,289.61,20.75,49.69,51.5,NEUTRAL,2026-09-07,2027-09-07,54.9136786188579,36.10090440361762,50.775999999999996,43.64420758786956,91.17,79.48800184862766,87.5,51.28,296,41.35,Nötr,False
CIEN,CIEN,Ciena,Information Technology,Communications Equipment,321.0,45520535552.0,504.12775,520.0,325.0,660.0,57.05,20.0,66.45,156.67,-51.19,209.41,106.63,153.98,3,27.72023,18.08,11.57999,1.54,39.5,2383.3,14.11,7.87,15.46,0.48,-34.25,9.12,174.55,71.5,-49.37,321.0,549.4,71.15,65.53,98.6,STRONG,2026-09-07,2027-09-07,30.87813131037494,71.03076412305649,85.372,46.194824961948235,0.0,20.591740413204743,100.0,51.23,297,41.15,Nötr,False
CCI,CCI,Crown Castle,Real Estate,Telecom Tower REITs,75.83,33137711104.0,95.07,92.5,81.0,120.0,25.37,22.0,41.02,73.92,-2.52,98.84,65.0,57.91,3,26.262566,34.23,2.88738,3.13,-4.9,-67.5,64.65,20.72,,8.31,-18.81,-14.11,-16.74,29.63,-22.84,75.83,89.33,17.81,43.36,39.28,NEUTRAL,2026-09-07,2027-09-07,54.13811420982736,67.37386949547798,40.912000000000006,34.888888888888886,74.97,40.291972281209205,93.75,51.01,298,40.85,Nötr,False
AME,AME,Ametek,Industrials,Electrical Components & Equipment,237.72,54499983360.0,278.05557,281.0,217.0,316.0,16.97,20.0,35.6,188.06,-20.89,192.96,173.38,197.84,3,24.770912,20.11,9.59674,2.74,15.0,14.2,31.8,20.04,14.56,0.73,5.09,7.42,27.33,23.26,-13.57,237.72,279.16,17.43,39.54,36.47,NEUTRAL,2026-09-07,2027-09-07,44.55998789651521,55.840383361533455,37.698,61.55429345630356,61.38,78.0602748920233,100.0,51.01,298,40.85,Nötr,False
MRVL,MRVL,Marvell Technology,Information Technology,Semiconductors,223.55,200905424896.0,284.99802,284.0,143.0,400.0,27.49,44.0,90.18,88.69,-60.33,121.54,61.05,83.47,3,33.26216,18.08,6.72085,1.2,36.5,50.0,30.16,27.93,16.52,0.47,-15.13,149.77,249.49,78.74,-48.35,223.55,394.04,76.27,63.39,99.6,STRONG,2026-09-07,2027-09-07,27.272280740053485,70.12368049472198,85.11599999999999,53.25501544977424,0.0,17.72978539666004,100.0,51.0,300,40.56,Nötr,False
SYF,SYF,Synchrony Financial,Financials,Consumer Finance,79.92,26003638272.0,89.30435,89.0,78.0,104.0,11.74,24.0,29.11,140.19,75.41,140.19,,,1,7.604078,13.34,10.51015,,0.6,3.6,0.0,35.51,20.79,,13.3,20.88,5.71,31.63,-27.61,79.92,93.84,17.42,49.68,36.07,NEUTRAL,2026-09-07,2027-09-07,69.6148738379814,51.25316501266005,41.513999999999996,43.817586600685196,55.65,55.402388607566365,87.5,50.96,301,40.36,Nötr,False
GS,GS,Goldman Sachs,Financials,Investment Banking & Brokerage,1038.61,302413512704.0,1141.65,1150.0,730.0,1325.0,9.92,25.0,52.12,987.49,-4.92,987.49,,,1,14.02912,13.34,74.03244,,42.5,92.3,0.0,31.04,16.9,,0.48,27.62,41.41,31.62,-19.42,1038.61,1254.36,20.77,52.25,51.9,NEUTRAL,2026-09-07,2027-09-07,43.678618857901725,38.32243328973316,52.04,69.02880345133866,85.52,48.52395314153821,87.5,50.94,302,40.16,Nötr,False
KKR,KKR,KKR & Co.,Financials,Asset Management & Custody Banks,107.73,99498409984.0,127.976,126.0,105.0,166.0,18.79,22.0,47.67,98.79,-8.3,98.79,,,1,14.54547,13.34,7.40643,,7.8,40.0,0.0,12.2,7.28,,15.56,18.41,-21.0,38.81,-43.64,107.73,140.3,30.23,59.43,79.16,NEUTRAL,2026-09-07,2027-09-07,40.571049136786186,57.47406989627959,71.268,31.32475574165715,74.26,25.348908552691864,87.5,50.86,303,39.96,Nötr,False
BEN,BEN,Franklin Resources,Financials,Asset Management & Custody Banks,34.73,17645510656.0,35.18182,36.0,26.0,41.0,1.3,11.0,42.64,42.53,22.46,42.22,42.84,,2,10.972277,13.34,3.16525,-16.95,14.3,106.7,19.3,8.72,7.89,0.5,11.96,35.64,42.12,28.23,-19.21,34.73,44.37,27.75,58.13,74.75,NEUTRAL,2026-09-07,2027-09-07,54.58280353762255,16.027104108416435,68.102,40.49850209814249,81.09,55.40451125356523,100.0,50.83,304,39.76,Nötr,False
EQIX,EQIX,Equinix,Real Estate,Data Center REITs,1035.98,102221889536.0,1234.7241,1235.0,1060.0,1400.0,19.18,32.0,27.54,738.65,-28.7,639.9,641.54,934.51,3,55.42116,34.23,18.69286,3.69,16.7,28.8,45.84,15.48,10.73,4.93,-3.7,11.62,37.79,24.63,-13.66,1035.98,1201.6,15.99,46.53,26.25,NEUTRAL,2026-09-07,2027-09-07,42.1726427622842,73.2564930259721,34.362,53.950617283950606,49.72,79.1741999572372,100.0,50.81,305,39.56,Nötr,False
CBOE,CBOE,Cboe Global Markets,Financials,Financial Exchanges & Data,298.38,31160127488.0,315.14285,315.0,258.0,356.0,5.62,17.0,31.1,184.8,-38.06,203.22,240.36,110.83,3,19.584433,13.34,15.23557,2.18,22.9,50.2,38.15,26.73,26.3,-0.4,6.14,-0.48,28.36,33.2,-36.73,298.38,411.35,37.86,64.03,87.37,STRONG,2026-09-07,2027-09-07,30.905314910570485,30.320521282085128,78.034,66.33076048778777,47.86,55.313553991127826,100.0,50.8,306,39.36,Nötr,False
TDG,TDG,TransDigm Group,Industrials,Aerospace & Defense,1162.05,64234086400.0,1522.7894,1475.0,1350.0,1972.0,31.04,22.0,40.85,917.1,-21.08,973.39,976.53,801.37,3,24.004274,20.11,48.41013,2.27,22.5,10.9,50.92,21.28,,6.03,-6.19,-10.23,-9.34,27.27,-21.87,1162.05,1355.02,16.61,45.45,29.86,NEUTRAL,2026-09-07,2027-09-07,41.52907357910132,72.50413001652007,36.096000000000004,70.56750419399114,50.35,43.25010638063209,93.75,50.72,307,39.17,Nötr,False
SHW,SHW,Sherwin-Williams,Materials,Specialty Chemicals,333.71,81010819072.0,391.0,395.5,340.0,420.0,17.17,26.0,20.46,234.2,-29.82,213.05,162.35,327.2,3,24.512121,15.65,13.61408,3.09,7.5,14.3,19.29,11.01,65.12,3.13,9.56,1.66,-7.9,27.59,-21.36,333.71,389.54,16.73,30.97,30.66,NEUTRAL,2026-09-07,2027-09-07,44.10836653386454,70.18248072992291,30.784,66.03703703703704,49.84,60.0126973629167,100.0,50.65,308,38.97,Nötr,False
VTRS,VTRS,Viatris,Health Care,Pharmaceuticals,16.88,19388213248.0,18.5,19.0,12.0,23.0,9.6,10.0,59.46,50.83,201.13,45.39,45.52,61.58,3,6.325746,17.01,2.66846,13.81,4.9,,29.13,-2.79,-2.75,2.82,7.09,22.02,69.2,32.3,-18.97,16.88,20.48,21.31,51.36,55.51,NEUTRAL,2026-09-07,2027-09-07,98.94388547504896,22.92233168932676,53.849999999999994,41.20527306967985,6.74,39.144685820533915,93.75,50.63,309,38.77,Nötr,False
BKR,BKR,Baker Hughes,Energy,Oil & Gas Equipment & Services,63.5,63034802176.0,72.13043,73.0,51.0,85.0,13.59,24.0,47.14,54.8,-13.69,44.33,44.44,75.64,3,20.089914,14.03,3.16079,7.0,-2.4,-4.2,17.45,11.17,16.46,-0.16,1.83,6.92,39.23,32.49,-23.99,63.5,75.37,18.69,45.51,41.88,NEUTRAL,2026-09-07,2027-09-07,56.034907987099224,48.4876339505358,43.332,39.68253968253968,72.69,56.04623997592838,100.0,50.56,310,38.57,Nötr,False
CEG,CEG,Constellation Energy,Utilities,Electric Utilities,298.96,105923731456.0,348.304,350.5,290.0,441.0,16.51,22.0,43.35,226.0,-24.4,223.63,228.38,,2,22.408022,16.76,13.34165,-6.25,23.0,-46.8,25.43,11.08,15.06,3.02,17.5,-5.88,-2.73,47.37,-41.22,298.96,376.45,25.92,32.35,68.54,NEUTRAL,2026-09-07,2027-09-07,42.71837381656171,54.80873923495694,54.06400000000001,50.14831294030404,57.41,42.39248714834916,100.0,50.54,311,38.37,Nötr,False
AEE,AEE,Ameren,Utilities,Multi-Utilities,106.47,29475502080.0,120.4,120.0,108.0,136.0,13.08,16.0,23.26,102.49,-3.74,97.37,107.62,,2,18.32893,16.76,5.80885,-6.06,-6.2,11.9,46.49,18.58,11.94,5.57,-1.88,-3.2,8.55,17.13,-10.51,106.47,121.57,14.18,27.18,12.73,WEAK,2026-09-07,2027-09-07,55.495009210469945,48.841315365261465,18.509999999999998,64.03411197626993,83.93,84.9958060801909,100.0,50.52,312,38.17,Nötr,False
HPQ,HPQ,HP Inc.,Information Technology,"Technology Hardware, Storage & Peripherals",32.64,29434456064.0,29.45625,28.0,19.0,72.0,-9.75,17.0,179.93,89.48,174.16,56.79,94.56,117.1,3,10.394242,18.08,3.1402,11.52,12.5,-11.3,7.84,4.14,,1.33,29.15,72.53,18.65,43.64,-36.62,32.64,48.91,49.85,60.46,92.18,STRONG,2026-09-07,2027-09-07,98.80478087649402,6.031944127776511,79.492,32.01685985247629,0.0,17.65712925892636,93.75,50.5,313,37.97,Nötr,False
PFE,PFE,Pfizer,Health Care,Pharmaceuticals,28.45,162155724800.0,28.60577,28.0,25.0,35.75,0.55,28.0,37.58,54.95,93.15,49.24,57.73,57.88,3,9.825931,17.01,2.8954,7.7,2.6,,39.85,6.8,5.01,2.04,11.17,8.78,24.06,23.56,-15.72,28.45,32.86,15.5,42.4,21.84,NEUTRAL,2026-09-07,2027-09-07,93.06570328854075,31.058964235856948,30.064,49.83678593848086,36.94,64.80987442767898,93.75,50.44,314,37.77,Nötr,False
J,J,Jacobs Solutions,Industrials,Construction & Engineering,146.23,17114555392.0,162.53333,163.0,144.0,181.0,11.15,16.0,22.76,153.07,4.68,166.06,125.47,167.68,3,17.705854,20.11,8.25885,3.77,34.5,-25.4,7.43,2.38,8.0,2.72,19.61,7.5,2.82,32.93,-34.44,146.23,170.29,16.45,43.25,29.26,NEUTRAL,2026-09-07,2027-09-07,66.30036814766251,43.550734202936816,34.856,31.316377267899043,94.0,44.42075247814156,100.0,50.32,315,37.57,Nötr,False
NTRS,NTRS,Northern Trust,Financials,Asset Management & Custody Banks,186.63,34145013760.0,184.26923,184.0,158.0,208.0,-1.26,15.0,27.13,169.0,-9.44,169.0,,,1,14.7297,13.34,12.67032,,36.4,98.6,0.0,24.67,17.07,,10.0,35.93,48.09,24.64,-12.39,186.63,228.05,22.19,57.56,59.12,NEUTRAL,2026-09-07,2027-09-07,39.9734395750332,22.311689246756988,58.495999999999995,65.31770079939095,91.36,82.97987625350105,87.5,50.21,316,37.38,Nötr,False
NWSA,NWSA,News Corp (Class A),Communication Services,Publishing,30.39,16310325248.0,36.1625,36.5,30.3,43.0,18.99,8.0,35.12,30.61,0.73,21.92,30.7,39.22,3,20.10293,14.5,1.51172,6.41,10.8,-74.9,14.82,6.35,7.98,0.61,11.48,23.95,4.51,26.65,-27.81,30.39,35.04,15.29,39.07,19.74,WEAK,2026-09-07,2027-09-07,64.16998671978752,52.12240848963395,27.472,37.310606060606055,83.37,58.409685092517705,100.0,50.19,317,37.18,Nötr,False
SPGI,SPGI,S&P Global,Financials,Financial Exchanges & Data,443.51,130746753024.0,520.3,525.0,485.0,553.0,17.31,24.0,13.07,297.91,-32.83,269.7,308.64,315.38,3,21.935038,13.34,20.21925,4.17,10.4,17.7,50.51,30.54,14.26,1.43,10.7,4.11,-12.46,31.18,-28.93,443.51,521.91,17.68,48.81,38.48,NEUTRAL,2026-09-07,2027-09-07,38.28261422395524,69.48963795855182,42.611999999999995,57.423748291293975,45.64,55.60618033061927,100.0,50.08,318,36.98,Nötr,False
MS,MS,Morgan Stanley,Financials,Investment Banking & Brokerage,217.72,341943681024.0,236.61905,243.0,184.0,262.0,8.68,25.0,32.96,181.97,-16.42,181.97,,,1,15.959104,13.34,13.64237,,28.0,62.4,0.0,25.9,17.97,,3.3,37.33,47.91,28.06,-18.83,217.72,265.61,22.0,54.57,58.32,NEUTRAL,2026-09-07,2027-09-07,36.38778220451527,43.492773971095886,56.82,62.3164573023728,73.89,64.85070870700979,87.5,50.03,319,36.78,Nötr,False
DDOG,DDOG,Datadog,Information Technology,Application Software,212.93,76457836544.0,285.1802,295.0,158.0,330.0,33.93,46.0,60.31,53.26,-74.99,53.68,14.88,91.22,3,71.73055,18.08,2.96847,1.38,35.6,1498.5,2.09,4.48,4.7,-44.73,-9.05,69.33,61.58,69.27,-48.62,212.93,348.36,63.61,60.49,96.39,STRONG,2026-09-07,2027-09-07,26.744528734377557,77.81843127372508,82.03,37.50747036035899,0.0,32.700957076330276,100.0,50.02,320,36.48,Nötr,False
TGT,TGT,Target Corporation,Consumer Staples,Consumer Staples Merchandise Retail,164.44,74704560128.0,161.91176,160.0,125.0,200.0,-1.54,38.0,46.32,170.79,3.86,147.37,210.48,154.53,3,17.262085,15.47,9.52608,4.6,5.3,100.5,7.98,4.08,26.41,1.6,35.19,38.48,84.55,30.41,-13.33,164.44,188.39,14.56,57.6,15.23,WEAK,2026-09-07,2027-09-07,61.44363721584251,29.30435721742887,32.178000000000004,54.31095825426945,94.66,62.81098186315327,100.0,50.02,320,36.48,Nötr,False
SCHW,SCHW,Charles Schwab Corporation,Financials,Investment Banking & Brokerage,109.29,188999090176.0,124.95,125.5,91.0,145.0,14.33,22.0,43.22,104.1,-4.75,104.1,,,1,14.003747,13.34,7.80434,,20.9,42.6,0.0,38.79,20.27,,23.38,15.51,13.37,25.33,-19.83,109.29,127.84,16.98,50.48,31.26,NEUTRAL,2026-09-07,2027-09-07,44.037184594953516,49.818759275037095,38.948,66.19144778581398,81.79,61.814948651444716,87.5,49.96,322,36.18,Nötr,False
WEC,WEC,WEC Energy Group,Utilities,Electric Utilities,105.94,34520481792.0,121.61765,121.0,108.5,140.0,14.8,19.0,25.9,95.3,-10.04,100.55,90.05,,2,17.659904,16.76,5.9989,-6.82,2.6,19.7,39.12,16.69,11.99,5.79,-5.39,-6.9,1.94,16.06,-11.22,105.94,122.27,15.41,29.7,20.84,NEUTRAL,2026-09-07,2027-09-07,47.77492181810393,55.222740890963564,24.384,61.38301816833519,75.73,81.44740388234945,100.0,49.94,323,35.98,Nötr,False
MCK,MCK,McKesson Corporation,Health Care,Health Care Distributors,907.99,105862881280.0,980.73334,1000.0,845.0,1065.0,8.01,18.0,22.43,1084.21,19.41,858.42,853.02,1541.2,3,17.990135,17.01,50.47155,6.42,7.7,-17.6,1.72,1.12,,0.94,17.18,-1.01,31.83,31.23,-27.17,907.99,1042.34,14.8,40.6,17.64,WEAK,2026-09-07,2027-09-07,75.71341751637517,39.9558798235193,26.824,33.90522310619163,89.98,63.49581661437635,93.75,49.93,324,35.79,Nötr,False
CARR,CARR,Carrier Global,Industrials,Building Products,59.71,49220448256.0,77.81524,78.0,60.0,90.0,30.32,24.0,38.55,49.09,-17.79,66.52,48.96,31.78,3,18.047945,20.11,3.30841,1.75,3.9,-11.8,13.99,5.52,8.97,3.57,-10.77,3.06,-4.58,35.49,-24.4,59.71,75.64,26.68,42.67,71.74,NEUTRAL,2026-09-07,2027-09-07,40.90977860709063,74.76017904071617,60.111999999999995,15.948755046836245,54.73,36.178583224733906,100.0,49.88,325,35.59,Nötr,False
DOW,DOW,Dow Inc.,Materials,Commodity Chemicals,29.44,21265711104.0,34.6875,34.5,29.0,42.0,17.82,18.0,37.48,27.07,-8.06,28.73,42.04,10.43,3,16.03643,15.65,1.83582,1.12,19.7,,9.59,-3.13,-5.54,3.84,-12.33,-9.6,29.21,44.77,-34.81,29.44,36.84,25.12,51.25,67.13,NEUTRAL,2026-09-07,2027-09-07,48.262948207171306,55.10618042472169,60.778,24.4,75.33,25.51154794678821,93.75,49.8,326,35.39,Nötr,False
DLTR,DLTR,Dollar Tree,Consumer Staples,Consumer Staples Merchandise Retail,131.42,24658374656.0,136.4,140.0,98.0,170.0,3.79,28.0,52.79,123.77,-5.82,122.27,134.66,114.39,3,16.627254,15.47,7.90389,4.26,7.0,197.2,12.48,8.04,46.03,2.64,20.79,13.5,31.09,41.12,-38.53,131.42,154.37,17.46,45.58,36.67,NEUTRAL,2026-09-07,2027-09-07,54.640262479493785,30.5379221516886,40.233999999999995,63.92018500948766,90.29,26.581846009877314,100.0,49.77,327,35.19,Nötr,False
PH,PH,Parker Hannifin,Industrials,Industrial Machinery & Supplies & Components,962.59,121332039680.0,1160.9535,1214.0,680.0,1358.0,20.61,25.0,58.4,727.72,-24.4,787.39,681.56,714.2,3,24.58124,20.11,39.15954,2.44,9.8,19.3,26.35,16.97,25.08,1.45,9.31,4.65,28.22,26.35,-19.34,962.59,1141.43,18.58,41.6,41.68,NEUTRAL,2026-09-07,2027-09-07,41.15310908265671,60.72724290897164,41.647999999999996,57.36488090938037,54.12,56.26280077975861,100.0,49.68,328,34.99,Nötr,False
EBAY,EBAY,eBay Inc.,Consumer Discretionary,Broadline Retail,103.41,46017449984.0,116.14815,118.0,67.0,145.0,12.32,32.0,67.16,96.22,-6.95,112.95,87.41,88.3,3,15.3589325,16.78,6.73289,3.43,14.8,55.0,25.78,18.57,46.61,1.24,-5.14,12.19,12.57,35.65,-19.97,103.41,117.92,14.03,39.55,10.82,WEAK,2026-09-07,2027-09-07,54.349558288584795,46.482945931783725,22.312,72.90169658347273,81.23,42.90654720040308,100.0,49.67,329,34.79,Nötr,False
PSKY,PSKY,Paramount Skydance Corporation,Communication Services,Movies & Entertainment,10.86,12184330240.0,9.69286,9.5,2.0,16.0,-10.75,21.0,144.44,117.76,984.39,12.33,25.13,315.83,3,12.764457,14.5,0.8508,144.39,0.9,-54.1,11.37,-2.13,-0.9,4.4,6.77,-8.52,-25.1,53.0,-59.87,10.86,14.55,33.99,50.58,84.17,NEUTRAL,2026-09-07,2027-09-07,100.0,9.86379945519782,70.73400000000001,31.565656565656564,0.0,5.265841490801354,100.0,49.65,330,34.59,Nötr,False
PFG,PFG,Principal Financial Group,Financials,Life & Health Insurance,116.68,24981729280.0,110.0,112.0,92.0,125.0,-5.73,12.0,30.0,119.17,2.14,138.22,135.1,84.2,3,11.259679,13.34,10.36264,4.23,6.4,2.8,13.71,9.93,12.95,-0.84,11.73,29.6,48.46,22.95,-11.96,116.68,140.49,20.41,55.62,49.9,NEUTRAL,2026-09-07,2027-09-07,58.429261676697465,18.129952519810082,52.188,32.4549221082035,92.0,85.25043681354313,100.0,49.61,331,34.39,Nötr,False
FTNT,FTNT,Fortinet,Information Technology,Systems Software,156.29,114672107520.0,162.29167,165.0,102.0,220.0,3.84,44.0,72.71,79.65,-49.04,68.2,74.57,96.19,3,41.444138,18.08,3.7711,1.98,25.6,43.9,34.48,28.17,117.44,-1.35,8.02,86.79,104.46,41.5,-14.34,156.29,224.58,43.69,59.46,90.38,STRONG,2026-09-07,2027-09-07,33.35862031326748,30.845123380493526,78.012,64.82939071384574,31.68,53.37118516561433,100.0,49.57,332,34.1,Nötr,False
PCAR,PCAR,Paccar,Industrials,Construction Machinery & Heavy Transportation Equipment,124.7,65637707776.0,143.46667,140.0,125.0,164.0,15.05,18.0,27.18,116.13,-6.87,144.54,91.63,112.24,3,17.347176,20.11,7.18849,2.96,0.5,4.2,11.76,9.0,12.76,1.88,7.16,4.14,30.1,27.4,-15.29,124.7,146.72,17.66,41.29,38.08,NEUTRAL,2026-09-07,2027-09-07,54.4525694689596,53.943855775423096,39.364000000000004,26.735314007529116,78.94,68.4149174069421,100.0,49.57,332,34.1,Nötr,False
DLR,DLR,Digital Realty,Real Estate,Data Center REITs,188.39,71148068864.0,223.32259,224.0,190.0,250.0,18.54,33.0,26.87,151.66,-19.5,98.98,112.32,243.67,3,65.15754,34.23,2.8913,5.3,29.9,-58.7,47.51,11.82,2.91,5.66,1.53,8.37,19.03,27.18,-16.83,188.39,215.62,14.46,39.11,14.43,WEAK,2026-09-07,2027-09-07,52.167330677290835,72.79501118004472,24.302,42.71604938271605,61.78,65.09183708703027,100.0,49.52,334,33.8,Nötr,False
MKC,MKC,McCormick & Company,Consumer Staples,Packaged Foods & Meats,52.08,14001788928.0,60.61538,60.0,52.0,75.0,16.39,15.0,37.94,52.32,0.46,51.02,51.62,54.31,3,15.79115,15.47,3.29805,5.1,16.7,-14.2,19.65,21.91,24.73,3.17,11.24,-18.24,-23.34,30.15,-35.79,52.08,55.65,6.85,40.65,0.2,WEAK,2026-09-07,2027-09-07,63.07007265057417,49.48603794415178,16.380000000000003,62.709519291587604,85.31,36.338315152114546,100.0,49.51,335,33.6,Nötr,False
MRSH,MRSH,Marsh McLennan,Financials,Insurance Brokers,185.74,88637218816.0,207.09525,202.0,182.0,238.0,11.5,23.0,27.04,161.61,-12.99,152.2,161.5,171.12,3,16.278175,13.34,11.41037,5.4,6.2,7.3,27.76,14.24,25.9,2.67,12.91,2.55,-8.03,26.14,-23.23,185.74,217.39,17.04,47.17,31.46,NEUTRAL,2026-09-07,2027-09-07,50.21107061117233,50.15520062080248,37.744,47.387425183649334,75.33,56.549819320549645,100.0,49.49,336,33.2,Nötr,False
SOLV,SOLV,Solventum,Health Care,Health Care Technology,91.69,15607814144.0,93.92308,95.0,70.0,113.0,2.44,15.0,45.78,90.14,-1.7,122.86,71.65,75.9,3,12.693048,17.01,7.22364,3.13,2.2,3.9,13.71,17.26,33.96,4.29,13.18,32.1,26.68,29.87,-27.46,91.69,113.14,23.39,47.82,62.53,NEUTRAL,2026-09-07,2027-09-07,55.89303801742184,18.263593054372215,56.646,42.26452037186501,95.89,35.56064106000443,100.0,49.49,336,33.2,Nötr,False
GPC,GPC,Genuine Parts Company,Consumer Discretionary,Distributors,138.08,19035676672.0,140.375,132.5,122.0,170.0,1.66,10.0,34.19,155.37,12.52,139.32,161.28,165.51,3,16.62655,16.78,8.30479,4.82,6.0,-9.8,8.19,0.13,0.71,2.97,41.78,21.77,2.05,32.76,-37.48,138.08,169.16,22.51,44.97,60.32,NEUTRAL,2026-09-07,2027-09-07,69.18240083145679,19.435357741430966,54.18,25.125951155090842,89.86,40.12908012209012,100.0,49.49,336,33.2,Nötr,False
MCD,MCD,McDonald's,Consumer Discretionary,Restaurants,255.69,180936867840.0,315.3871,305.0,250.0,407.0,23.35,34.0,49.78,223.27,-12.68,234.51,215.18,220.14,3,18.29178,16.78,13.97841,3.46,3.7,5.7,53.9,31.72,,3.6,-7.98,-20.97,-17.26,18.49,-23.56,255.69,290.62,13.66,36.25,7.62,WEAK,2026-09-07,2027-09-07,51.318205439113115,70.2690010760043,19.072,64.18804137583047,65.8,50.45014842510197,93.75,49.44,339,32.8,Nötr,False
MET,MET,MetLife,Financials,Life & Health Insurance,97.62,62035259392.0,105.0625,107.0,84.0,119.0,7.62,18.0,33.31,114.62,17.41,145.67,83.58,,2,8.939086,13.34,10.92058,-33.78,10.5,5.8,7.61,4.57,13.09,3.81,16.26,37.79,22.82,23.76,-17.46,97.62,118.26,21.14,51.9,54.51,NEUTRAL,2026-09-07,2027-09-07,52.36444293746998,33.10217240868963,53.465999999999994,28.945355604330732,91.3,56.21721906370727,100.0,49.36,340,32.6,Nötr,False
PWR,PWR,Quanta Services,Industrials,Construction & Engineering,624.41,93875912704.0,770.0421,800.0,410.0,976.0,23.32,30.0,73.5,362.12,-42.01,394.93,296.08,395.34,3,31.790665,20.11,19.6413,2.08,41.1,94.7,9.25,4.03,15.34,2.0,-10.16,15.63,66.17,44.08,-28.53,624.41,816.03,30.69,56.52,79.76,NEUTRAL,2026-09-07,2027-09-07,31.580513389480053,65.02186008744034,70.464,43.94993030081685,27.94,28.483600085784726,100.0,49.33,341,32.41,Nötr,False
RVTY,RVTY,Revvity,Health Care,Health Care Equipment,130.22,14530781184.0,125.25,123.5,100.0,165.0,-3.82,18.0,51.9,113.48,-12.86,100.22,96.98,143.24,3,22.099766,17.01,5.89237,4.16,1.3,1.2,30.08,8.16,3.21,2.65,32.46,42.77,52.37,37.68,-30.09,130.22,168.21,29.17,55.48,77.56,NEUTRAL,2026-09-07,2027-09-07,53.25882909041798,14.545058180232722,68.72800000000001,35.361658787808906,90.14,30.485127037512335,100.0,49.25,342,32.21,Nötr,False
ESS,ESS,Essex Property Trust,Real Estate,Multi-Family Residential REITs,278.61,19205390336.0,304.99,303.0,239.0,352.0,9.47,26.0,37.05,274.48,-1.48,213.64,239.97,369.82,3,44.642384,34.23,6.24093,5.44,3.1,-71.8,62.12,20.89,7.71,5.43,-1.53,11.36,9.53,19.61,-9.59,278.61,316.3,13.53,40.05,6.91,WEAK,2026-09-07,2027-09-07,64.18857901726427,43.20853283413134,20.166,45.4320987654321,89.47,74.92440812705597,100.0,49.24,343,32.01,Nötr,False
RJF,RJF,Raymond James Financial,Financials,Investment Banking & Brokerage,178.29,34249506816.0,186.0,187.0,160.0,205.0,4.32,15.0,24.19,189.39,6.23,189.39,,,1,12.556854,13.34,14.19862,,15.1,42.0,0.0,15.13,18.42,,18.14,18.12,5.63,25.38,-19.64,178.29,211.85,18.82,48.87,42.48,NEUTRAL,2026-09-07,2027-09-07,50.013280212483394,30.528122112488447,45.036,50.825072960284224,98.19,75.90874260117319,87.5,49.19,344,31.81,Nötr,False
WSM,WSM,"Williams-Sonoma, Inc.",Consumer Discretionary,Homefurnishing Retail,227.42,26785339392.0,248.1,257.0,151.0,280.0,9.09,23.0,52.0,197.49,-13.16,176.39,190.24,225.85,3,21.629961,16.78,10.51412,3.99,6.7,42.0,20.73,14.73,54.96,0.3,11.32,22.82,13.66,33.54,-23.27,227.42,266.69,17.27,41.71,34.47,NEUTRAL,2026-09-07,2027-09-07,51.59016109475144,34.724338897355594,37.366,64.36045624297243,77.28,51.56219443667166,100.0,49.14,345,31.51,Nötr,False
COHR,COHR,Coherent Corp.,Information Technology,Electronic Components,281.86,55197274112.0,415.36197,420.0,280.0,500.0,47.36,23.0,52.97,193.88,-31.21,252.37,135.39,,2,20.197329,18.08,13.95531,-1.18,33.7,,20.0,11.31,7.98,1.1,-25.23,19.57,194.77,84.09,-47.98,281.86,428.6,52.06,64.12,93.19,STRONG,2026-09-07,2027-09-07,26.22696428896287,75.84658338633355,81.562,28.804844153265833,27.29,18.334186688145213,93.75,49.14,345,31.51,Nötr,False
RSG,RSG,Republic Services,Industrials,Environmental & Facilities Services,222.71,68196696064.0,245.91667,247.0,208.0,272.0,10.42,27.0,26.03,197.95,-11.12,162.0,239.01,192.83,3,27.641665,20.11,8.05704,2.85,4.6,5.1,31.12,12.94,18.15,2.7,6.34,-3.05,-3.67,19.24,-14.63,222.71,258.55,16.09,37.67,27.05,NEUTRAL,2026-09-07,2027-09-07,50.57138534469716,51.322605290421166,31.298000000000002,46.888908900090705,78.39,70.45721297611468,100.0,49.13,347,31.21,Nötr,False
HD,HD,Home Depot (The),Consumer Discretionary,Home Improvement Retail,321.05,320308248576.0,377.5,379.0,310.0,425.0,17.58,36.0,30.46,272.37,-15.16,269.05,279.71,268.35,3,20.018404,16.78,16.03774,3.36,5.7,4.6,14.57,8.41,104.3,2.48,4.07,-8.35,-19.81,25.23,-28.81,321.05,366.66,14.21,38.03,13.03,WEAK,2026-09-07,2027-09-07,49.01437727351464,70.40744162976652,23.03,48.692755492015436,67.65,56.870089317843,100.0,49.01,348,31.01,Nötr,False
WAB,WAB,Wabtec,Industrials,Construction Machinery & Heavy Transportation Equipment,282.86,47778119680.0,329.16666,335.0,292.0,355.0,16.37,12.0,19.14,224.02,-20.8,250.18,223.71,198.19,3,22.733885,20.11,12.44222,2.31,17.5,18.9,22.13,10.59,11.55,2.37,8.74,15.86,46.65,26.58,-10.85,282.86,334.42,18.23,44.08,40.68,NEUTRAL,2026-09-07,2027-09-07,42.081042916939836,55.86542346169385,42.04,46.15809005509045,61.99,73.52989813210283,100.0,49.0,349,30.82,Nötr,False
EG,EG,Everest Group,Financials,Reinsurance,380.87,14603597824.0,408.46667,400.0,375.0,480.0,7.25,16.0,25.71,857.95,125.26,797.01,,918.88,2,6.374184,13.34,59.75196,14.14,-11.3,-11.5,0.0,11.38,12.57,,14.57,15.39,11.67,24.29,-16.43,380.87,446.94,17.35,47.16,35.17,NEUTRAL,2026-09-07,2027-09-07,87.48608403266367,34.07177628710515,39.966,28.548796773999054,29.01,80.40760115326744,93.75,48.95,350,30.62,Nötr,False
PEP,PEP,PepsiCo,Consumer Staples,Soft Drinks & Non-alcoholic Beverages,137.63,188002582528.0,155.0,155.0,124.0,183.0,12.62,24.0,38.06,133.66,-2.89,138.85,144.88,117.25,3,15.334152,15.47,8.97539,4.17,6.4,137.0,19.49,10.79,51.51,2.25,-1.99,-11.83,-1.55,21.21,-19.3,137.63,151.82,10.31,31.97,0.6,WEAK,2026-09-07,2027-09-07,56.56198734473869,49.00867603470414,13.148,66.30692599620494,85.21,64.7435527117854,100.0,48.93,351,30.42,Nötr,False
BA,BA,Boeing,Industrials,Aerospace & Defense,212.25,167756038144.0,274.84616,278.5,246.0,305.0,29.49,28.0,21.47,149.6,-29.52,82.86,,216.33,2,51.50649,20.11,4.12084,3.35,8.0,,-3.08,2.59,173.54,,-1.49,-8.16,-8.02,33.46,-24.96,212.25,254.02,19.68,42.44,45.39,NEUTRAL,2026-09-07,2027-09-07,37.24729772891556,85.84854339417357,44.209999999999994,40.98436383776277,40.98,61.015204697001685,87.5,48.92,352,30.22,Nötr,False
EVRG,EVRG,Evergy,Utilities,Electric Utilities,81.54,18800447488.0,91.27273,91.0,80.0,103.0,11.94,13.0,25.2,83.8,2.77,76.52,91.08,,2,17.861876,16.76,4.56503,-7.68,4.4,23.0,46.61,15.19,9.25,5.8,-1.26,0.3,17.89,16.22,-7.72,81.54,93.11,14.18,27.55,12.73,WEAK,2026-09-07,2027-09-07,54.56453754872981,43.3185732742931,18.658,57.23025583982203,91.46,82.13479482533334,100.0,48.81,353,30.02,Nötr,False
XOM,XOM,ExxonMobil,Energy,Integrated Oil & Gas,159.47,655726608384.0,170.90909,170.0,142.0,200.0,7.17,25.0,33.94,125.67,-21.19,151.25,140.28,85.49,3,14.787854,14.03,10.78385,3.15,44.1,112.8,18.82,9.07,12.58,0.47,7.06,6.87,45.99,25.77,-20.11,159.47,195.15,22.38,43.93,59.72,NEUTRAL,2026-09-07,2027-09-07,43.51925630810093,38.92363569454278,53.403999999999996,42.85714285714284,69.49,67.70689205733251,100.0,48.78,354,29.82,Zayıf,False
AEP,AEP,American Electric Power,Utilities,Electric Utilities,124.5,67777474560.0,144.0,142.5,129.0,173.0,15.66,23.0,30.56,118.27,-5.0,114.93,121.61,,2,18.157051,16.76,6.85684,-8.85,7.0,-43.2,39.62,13.78,10.13,5.86,-2.86,-4.18,18.15,19.05,-12.13,124.5,143.77,15.48,30.11,21.44,NEUTRAL,2026-09-07,2027-09-07,47.322537805766174,59.2934771739087,24.908,46.99666295884315,80.38,75.04002104124879,100.0,48.76,355,29.62,Zayıf,False
NVR,NVR,"NVR, Inc.",Consumer Discretionary,Homebuilding,6298.85,16869283840.0,6782.0,7000.0,5664.0,7446.0,7.67,6.0,26.28,7784.94,23.59,6905.5,7919.7,8529.62,3,15.302442,16.78,411.62387,5.44,-10.9,-22.6,15.95,11.85,31.54,-0.0,1.88,-9.48,-25.08,27.19,-34.88,6298.85,7205.36,14.39,38.41,13.63,WEAK,2026-09-07,2027-09-07,75.77862463190715,31.34180536722147,23.542,38.641463976801624,86.23,64.53219242511926,100.0,48.74,356,29.42,Zayıf,False
SYY,SYY,Sysco,Consumer Staples,Food Distributors,80.05,38351634432.0,90.30769,89.0,78.0,100.0,12.81,15.0,24.36,85.54,6.86,83.21,91.71,81.7,3,14.881811,15.47,5.37905,4.99,4.7,5.3,5.31,2.08,77.69,2.95,5.62,-4.74,-0.23,26.87,-23.98,80.05,89.43,11.72,33.5,3.01,WEAK,2026-09-07,2027-09-07,65.24021560815561,46.74054696218785,15.206,45.62282574320051,94.58,57.882403211287496,100.0,48.66,357,29.22,Zayıf,False
MO,MO,Altria,Consumer Staples,Tobacco,68.88,115011952640.0,70.0,71.0,58.0,82.0,1.63,14.0,34.29,102.77,49.2,90.71,106.93,110.66,3,11.746188,15.47,5.86403,7.86,1.2,-2.7,77.13,39.0,,1.41,-3.16,6.87,10.46,25.91,-16.4,68.88,76.84,11.56,35.73,2.81,WEAK,2026-09-07,2027-09-07,84.40824935551908,20.97164388657555,15.978,68.91840607210627,62.07,73.35457665418546,93.75,48.58,358,29.03,Zayıf,False
NOW,NOW,ServiceNow,Information Technology,Systems Software,141.26,146043338752.0,141.84042,140.0,72.0,248.0,0.41,49.0,124.08,99.1,-29.85,90.52,51.61,155.16,3,28.2209,18.08,5.00551,3.53,24.0,-21.9,19.67,11.34,14.24,1.31,25.62,13.61,-21.4,56.62,-56.82,141.26,218.6,54.75,61.0,94.19,STRONG,2026-09-07,2027-09-07,45.11761174480162,24.150296601186405,80.914,34.88009244411865,64.52,10.69077409701071,100.0,48.56,359,28.83,Zayıf,False
ED,ED,Consolidated Edison,Utilities,Multi-Utilities,107.29,39678914560.0,110.28125,111.0,94.0,130.0,2.79,18.0,32.64,128.01,19.31,108.78,147.23,,2,16.531868,16.76,6.48989,-2.13,13.2,22.1,34.84,12.53,8.96,4.36,1.8,-2.85,13.34,17.09,-9.63,107.29,122.81,14.46,27.31,14.63,WEAK,2026-09-07,2027-09-07,69.43023604506705,26.448865795463185,19.701999999999998,53.9302929180571,85.12,87.01501315977688,100.0,48.53,360,28.63,Zayıf,False
LEN,LEN,Lennar,Consumer Discretionary,Homebuilding,83.58,20134014976.0,86.23077,85.0,67.0,120.0,3.17,19.0,61.46,110.84,32.61,108.49,112.71,111.31,3,12.924356,16.78,6.46686,5.35,-5.2,-31.5,6.98,4.93,7.37,1.92,-7.09,-16.45,-38.25,36.92,-41.39,83.58,101.42,21.35,47.37,55.71,NEUTRAL,2026-09-07,2027-09-07,78.69045556902825,18.509314037256146,52.374,20.45641428157617,75.02,28.110110708282598,100.0,48.44,361,28.43,Zayıf,False
O,O,Realty Income,Real Estate,Retail REITs,61.25,57955856384.0,68.1625,68.0,61.5,74.0,11.29,24.0,18.34,56.18,-8.28,53.35,74.34,40.83,3,39.299095,34.23,1.55856,2.73,9.6,69.2,88.33,20.9,3.23,5.74,1.98,-3.28,10.83,16.24,-11.1,61.25,69.73,13.85,36.6,9.02,WEAK,2026-09-07,2027-09-07,48.02390438247012,53.81829527318109,20.052,56.7283950617284,80.73,80.84067405852129,100.0,48.41,362,28.23,Zayıf,False
JKHY,JKHY,Jack Henry & Associates,Financials,Transaction & Payment Processing Services,165.64,11613452288.0,191.53333,196.0,170.0,215.0,15.63,17.0,23.49,105.15,-36.52,104.47,125.26,85.73,3,21.149132,13.34,7.832,3.03,4.7,-10.4,27.6,19.76,24.04,0.09,27.77,-2.82,4.26,28.09,-35.4,165.64,207.76,25.43,54.88,67.54,NEUTRAL,2026-09-07,2027-09-07,33.39154022209036,56.29246516986068,62.476,39.453300468583656,41.77,61.60088234786339,100.0,48.4,363,28.03,Zayıf,False
HWM,HWM,Howmet Aerospace,Industrials,Aerospace & Defense,259.27,103397236736.0,337.128,340.0,256.56,375.0,30.03,22.0,35.13,108.64,-58.1,129.06,106.16,90.69,3,40.392536,20.11,6.41876,1.15,24.1,33.0,30.65,20.52,34.73,1.47,2.98,3.75,44.72,32.23,-16.3,259.27,320.91,23.78,46.39,63.33,NEUTRAL,2026-09-07,2027-09-07,23.53673911947148,73.62637450549802,56.554,70.47040928537602,0.0,61.49683355461347,100.0,48.39,364,27.83,Zayıf,False
LLY,LLY,Lilly (Eli),Health Care,Pharmaceuticals,1149.36,1024931856384.0,1315.558,1376.0,850.0,1600.0,14.46,30.0,57.01,593.91,-48.33,803.72,650.16,327.86,3,24.32231,17.01,47.25538,1.08,47.7,26.2,52.35,33.53,102.29,1.1,1.73,16.42,55.69,35.82,-23.18,1149.36,1426.8,24.14,52.52,64.73,NEUTRAL,2026-09-07,2027-09-07,26.395435208319267,52.63709054836219,59.846000000000004,77.15323417502594,24.41,44.06011927879891,100.0,48.3,365,27.63,Zayıf,False
KVUE,KVUE,Kenvue,Consumer Staples,Personal Care Products,18.74,35995295744.0,19.5,19.0,18.0,23.0,4.06,14.0,25.64,19.56,4.38,19.21,19.17,20.31,3,15.092698,15.47,1.24166,5.3,3.0,8.5,22.59,10.76,15.58,2.16,7.0,4.28,-4.37,32.34,-25.7,18.74,21.24,13.35,39.29,6.41,WEAK,2026-09-07,2027-09-07,65.74056714319194,28.747194988779956,19.562,55.521623972169515,99.69,57.139802936477565,100.0,48.23,366,27.44,Zayıf,False
CMG,CMG,Chipotle Mexican Grill,Consumer Discretionary,Restaurants,36.96,46769848320.0,43.76562,43.5,35.0,53.0,18.41,34.0,41.13,22.0,-40.48,22.98,21.07,21.95,3,26.98421,16.78,1.36969,2.39,9.3,-1.3,18.31,11.43,49.56,2.08,25.97,4.5,-10.75,41.86,-33.47,36.96,45.67,23.58,42.32,62.73,NEUTRAL,2026-09-07,2027-09-07,33.779663952884114,66.22090488361954,54.566,51.26075743559554,33.81,35.96642546969494,100.0,48.2,367,27.24,Zayıf,False
PEG,PEG,Public Service Enterprise Group,Utilities,Electric Utilities,73.7,36733554688.0,85.47222,85.0,73.0,96.0,15.97,22.0,26.91,53.34,-27.63,78.32,69.02,12.68,3,15.77341,16.76,4.67242,0.29,-8.9,-42.7,35.58,16.04,11.83,5.49,-6.47,-10.09,-6.84,18.46,-15.09,73.7,84.6,14.79,32.32,17.43,WEAK,2026-09-07,2027-09-07,52.16810178640277,60.76064304257217,23.386000000000003,51.33481646273637,53.7,81.60777079073173,100.0,48.19,368,26.94,Zayıf,False
CDW,CDW,CDW Corporation,Information Technology,Technology Distributors,152.38,19050156032.0,155.88889,159.0,123.0,171.0,2.3,10.0,30.79,217.75,42.9,215.88,268.74,168.65,3,12.764892,18.08,11.93743,3.55,10.0,4.9,8.56,4.6,44.01,3.02,15.08,24.79,-6.48,45.05,-41.3,152.38,179.49,17.79,48.96,39.08,NEUTRAL,2026-09-07,2027-09-07,79.93341701686404,21.599686398745597,43.032,33.404193582871365,66.89,28.625493586372066,100.0,48.19,368,26.94,Zayıf,False
HUBB,HUBB,Hubbell Incorporated,Industrials,Industrial Machinery & Supplies & Components,460.72,24341022720.0,565.7273,575.0,502.0,630.0,22.79,13.0,22.63,375.01,-18.6,460.72,379.07,285.25,3,20.107214,20.11,22.91317,2.04,15.3,-0.9,24.35,14.49,24.44,3.41,-3.08,-1.7,6.68,31.77,-20.05,460.72,535.6,16.25,42.93,27.66,NEUTRAL,2026-09-07,2027-09-07,42.189722124161584,65.02198008792035,33.768,50.10310562703847,59.45,52.43768582599908,100.0,48.08,370,26.54,Zayıf,False
MA,MA,Mastercard,Financials,Transaction & Payment Processing Services,579.21,507393736704.0,670.91895,670.0,550.0,740.0,15.83,40.0,28.32,314.0,-45.79,307.13,304.45,330.41,3,25.154816,13.34,23.02581,3.34,14.1,22.1,63.28,46.34,241.2,0.59,18.14,11.26,-2.15,22.58,-20.87,579.21,677.9,17.04,47.75,31.86,NEUTRAL,2026-09-07,2027-09-07,31.56056624565567,68.50163400653604,38.216,72.18802650417874,27.52,67.01229828776174,100.0,48.08,370,26.54,Zayıf,False
HONA,HONA,Honeywell Aerospace,Industrials,Aerospace & Defense,161.01,51032559616.0,213.0,210.0,175.0,256.0,32.29,15.0,38.03,160.21,-0.5,182.5,137.92,,2,17.739607,20.11,9.0763,,5.4,-70.9,19.75,10.86,,4.27,,,,104.38,-43.49,161.01,,,,,,,,53.69189907038512,67.48202992811972,50.0,29.830572289156628,71.71,18.082456674975326,75.0,48.07,372,26.24,Zayıf,False
GE,GE,GE Aerospace,Industrials,Aerospace & Defense,337.12,349783064576.0,404.90475,400.0,347.0,455.0,20.11,22.0,26.67,183.23,-45.65,182.48,174.04,193.19,3,37.14776,20.11,9.07511,1.89,21.1,19.4,22.68,17.72,48.23,0.9,2.91,4.62,20.04,32.94,-20.85,337.12,404.58,20.01,43.24,48.1,NEUTRAL,2026-09-07,2027-09-07,29.358515305865147,68.05523222092889,46.156000000000006,64.94353496597985,24.62,64.78610800129084,100.0,47.93,373,26.04,Zayıf,False
DELL,DELL,Dell Technologies,Information Technology,"Technology Hardware, Storage & Peripherals",524.14,338669076480.0,564.4583,564.0,465.0,735.0,7.69,28.0,47.83,341.51,-34.84,517.32,498.85,8.37,3,18.3223,18.08,28.60667,0.05,57.7,272.9,11.58,7.52,,1.31,33.12,259.52,319.06,73.63,-32.34,524.14,833.47,59.02,62.82,94.99,STRONG,2026-09-07,2027-09-07,31.613818697811496,38.11307245228981,82.12199999999999,42.77766069546892,50.78,25.474217723826968,93.75,47.91,374,25.84,Zayıf,False
PAYX,PAYX,Paychex,Industrials,Human Resource & Employment Services,121.71,43326382080.0,114.93333,110.0,95.0,150.0,-5.57,19.0,47.85,96.89,-20.39,128.5,65.28,,2,19.044773,20.11,6.39073,,12.5,43.4,40.52,26.63,,2.17,22.33,23.51,-7.46,27.92,-35.56,121.71,147.95,21.56,43.93,57.11,NEUTRAL,2026-09-07,2027-09-07,41.14209827357237,16.304905219620878,51.837999999999994,86.47213855421687,82.96,39.6627918592361,87.5,47.89,375,25.65,Zayıf,False
JPM,JPM,JPMorgan Chase,Financials,Diversified Banks,358.64,953331941376.0,374.57144,372.0,305.0,420.0,4.44,24.0,30.7,333.56,-6.99,333.56,,,1,14.341591,13.34,25.00699,,30.4,46.9,0.0,34.92,17.79,,15.33,25.09,20.3,22.32,-15.47,358.64,418.53,16.7,47.48,30.46,NEUTRAL,2026-09-07,2027-09-07,41.766268260292165,36.62390649562598,37.268,65.65933257200864,88.42,79.4458366700266,87.5,47.88,376,25.45,Zayıf,False
AAPL,AAPL,Apple Inc.,Information Technology,"Technology Hardware, Storage & Peripherals",319.97,4669700046848.0,323.85947,335.0,215.0,400.0,1.22,43.0,57.12,209.53,-34.52,173.14,225.5,229.94,3,33.4195,18.08,9.57435,2.31,16.4,28.7,35.98,27.62,148.75,0.13,4.2,24.5,33.94,25.04,-13.8,319.97,392.53,22.68,51.19,60.92,NEUTRAL,2026-09-07,2027-09-07,39.40457348687442,29.182356729426917,57.028,60.03675366391269,57.13,63.397614150384705,100.0,47.83,377,25.25,Zayıf,False
NI,NI,NiSource,Utilities,Multi-Utilities,41.39,19848992768.0,49.85714,50.5,43.0,55.0,20.46,15.0,24.07,42.4,2.43,37.77,47.03,,2,18.369837,16.76,2.25315,-8.93,4.6,-58.4,43.97,13.15,8.55,5.74,-10.6,-9.75,6.7,18.12,-16.79,41.39,47.13,13.86,34.16,9.22,WEAK,2026-09-07,2027-09-07,51.09968727241571,62.75257101028404,19.195999999999998,36.09566184649611,83.83,77.93736964084007,100.0,47.82,378,25.05,Zayıf,False
ROK,ROK,Rockwell Automation,Industrials,Electrical Components & Equipment,433.81,48271753216.0,478.625,495.0,282.0,550.0,10.33,28.0,55.99,313.01,-27.85,298.54,284.32,356.16,3,29.217535,20.11,14.84759,2.7,7.9,40.4,23.31,13.39,30.63,1.5,-2.59,18.02,28.59,30.82,-18.73,433.81,525.91,21.23,43.0,54.91,NEUTRAL,2026-09-07,2027-09-07,40.58046295829341,40.357561430245724,50.146,57.69842193557708,58.16,51.73138426394563,100.0,47.81,379,24.85,Zayıf,False
CSX,CSX,CSX Corporation,Industrials,Rail Transportation,49.41,91530780672.0,53.14088,54.0,32.0,60.0,7.55,25.0,52.69,43.09,-12.8,45.67,51.54,32.05,3,21.752052,20.11,2.27151,2.13,10.1,22.7,47.07,22.21,24.36,2.64,5.44,24.4,53.23,22.25,-11.58,49.41,57.86,17.1,42.68,32.46,NEUTRAL,2026-09-07,2027-09-07,45.937263603812596,33.673134692538774,36.548,63.93288343246403,79.11,58.36278336627676,100.0,47.78,380,24.65,Zayıf,False
FISV,FISV,Fiserv,Financials,Transaction & Payment Processing Services,53.0,28183635968.0,61.67857,59.5,40.0,106.0,16.37,37.0,107.01,,,,,,0,6.550577,13.34,,,,,,,,,-2.63,-16.01,-61.25,57.37,-65.41,53.0,77.45,46.14,62.44,91.18,STRONG,2026-09-07,2027-09-07,50.0,54.515018060072244,79.684,50.0,50.0,3.7206287990161884,50.0,47.61,381,24.45,Zayıf,False
STLD,STLD,Steel Dynamics,Materials,Steel,242.06,34693996544.0,271.2143,266.0,221.0,310.0,12.04,14.0,32.82,178.72,-26.17,296.49,187.87,51.79,3,12.776776,15.65,18.94531,0.68,33.4,83.6,13.02,7.83,17.57,1.43,-9.64,34.0,87.19,36.58,-22.37,242.06,291.8,20.55,51.06,50.3,NEUTRAL,2026-09-07,2027-09-07,38.2597609561753,40.45060180240721,50.604,56.555555555555564,58.89,56.10244743961083,100.0,47.48,382,24.25,Zayıf,False
STT,STT,State Street Corporation,Financials,Asset Management & Custody Banks,194.26,53363560448.0,199.5,200.0,150.0,215.0,2.7,16.0,32.58,204.12,5.08,204.12,,,1,12.694267,13.34,15.30297,,-2.8,-24.1,0.0,23.0,12.44,,20.7,62.37,74.7,24.81,-11.79,194.26,238.22,22.63,55.48,60.72,NEUTRAL,2026-09-07,2027-09-07,49.6547144754316,24.332297329189316,58.623999999999995,23.750183986803705,97.71,78.96973536204284,87.5,47.37,383,24.06,Zayıf,False
DIS,DIS,Walt Disney Company (The),Communication Services,Movies & Entertainment,105.31,181837381632.0,128.18323,130.0,88.0,160.0,21.72,32.0,56.17,99.42,-5.59,108.37,133.21,56.69,3,14.0888405,14.5,7.47471,2.67,6.8,-48.3,21.2,8.7,8.01,1.95,6.43,4.51,-10.08,26.33,-21.71,105.31,119.99,13.94,37.38,10.02,WEAK,2026-09-07,2027-09-07,53.55577689243027,66.32262529050115,20.964000000000002,36.48989898989899,74.73,48.984557916362874,100.0,47.29,384,23.86,Zayıf,False
XEL,XEL,Xcel Energy,Utilities,Multi-Utilities,75.72,47299682304.0,91.76471,92.0,74.0,101.0,21.18,18.0,29.42,71.01,-6.22,76.14,65.88,,2,16.669924,16.76,4.54254,-16.72,-5.1,24.0,41.89,15.28,9.92,6.47,-3.48,-6.87,8.05,19.67,-11.5,75.72,86.85,14.7,29.7,16.83,WEAK,2026-09-07,2027-09-07,42.13682902797412,64.32461729846918,21.978,49.276974416017794,74.5,70.12111345116963,100.0,47.24,385,23.66,Zayıf,False
LH,LH,Labcorp,Health Care,Health Care Services,326.89,26510780416.0,341.5,350.0,293.0,385.0,4.47,18.0,26.94,324.83,-0.63,337.11,346.77,290.6,3,16.49257,17.01,19.82044,3.36,5.8,28.2,16.17,6.99,11.73,2.88,23.55,21.81,19.97,23.32,-15.22,326.89,376.79,15.26,42.02,19.44,WEAK,2026-09-07,2027-09-07,57.57714903099466,32.30056920227681,28.472,42.41302296185267,95.0,66.26537506355689,100.0,47.15,386,23.46,Zayıf,False
LITE,LITE,Lumentum,Information Technology,Communications Equipment,881.25,79048572928.0,1148.4335,1168.0,820.0,1400.0,30.32,26.0,50.5,289.41,-67.16,602.22,187.97,78.04,3,26.46316,18.08,33.3012,0.28,109.3,,26.57,-230.1,-240.03,-1.33,2.04,57.81,521.0,96.67,-42.8,881.25,1452.52,64.82,70.72,96.59,STRONG,2026-09-07,2027-09-07,22.32603831250341,73.12837251349005,86.242,29.60492356561445,0.0,34.106929510318324,93.75,47.02,387,23.26,Zayıf,False
CNP,CNP,CenterPoint Energy,Utilities,Multi-Utilities,39.67,26131431424.0,45.75,46.0,39.0,50.0,15.33,17.0,24.04,37.73,-4.9,34.98,40.47,,2,19.010878,16.76,2.0867,-19.87,10.7,23.3,40.06,11.61,9.83,6.28,-6.52,-7.99,8.31,17.16,-13.41,39.67,45.75,15.31,29.7,20.44,NEUTRAL,2026-09-07,2027-09-07,42.40029130788673,55.571022284089125,24.144000000000002,49.490174267704866,80.79,75.17531053898986,100.0,47.01,388,23.06,Zayıf,False
CL,CL,Colgate-Palmolive,Consumer Staples,Household Products,88.77,70765027328.0,98.95,100.5,87.0,110.0,11.47,21.0,23.24,74.61,-15.96,63.55,71.55,88.72,3,21.60895,15.47,4.10802,4.89,4.9,-5.5,23.68,9.68,267.37,1.29,0.79,-3.98,8.75,22.65,-16.97,88.77,98.67,11.15,34.79,2.0,WEAK,2026-09-07,2027-09-07,50.42887274431685,49.503078012312045,15.116,61.74889310562935,71.95,83.0663226816163,100.0,46.9,389,22.86,Zayıf,False
ABT,ABT,Abbott Laboratories,Health Care,Health Care Equipment,108.33,187452440576.0,120.2,120.0,103.0,135.0,10.96,27.0,26.62,99.61,-8.05,103.15,85.61,110.07,3,17.861883,17.01,6.06487,3.85,13.0,-47.5,25.07,11.65,10.58,2.32,19.8,0.21,-16.55,26.82,-38.61,108.33,122.14,12.75,41.5,4.81,WEAK,2026-09-07,2027-09-07,54.8909446957931,52.144248576994315,19.486,45.888474661678856,81.27,50.631351137182165,100.0,46.56,390,22.66,Zayıf,False
ROST,ROST,Ross Stores,Consumer Discretionary,Apparel Retail,230.69,74000990208.0,269.94443,282.5,176.0,310.0,17.02,20.0,49.64,153.74,-33.36,150.02,155.93,155.25,3,25.797411,16.78,8.94237,2.71,13.3,70.5,14.92,10.85,42.63,0.12,0.34,9.39,52.34,26.32,-13.03,230.69,271.31,17.61,47.45,37.88,NEUTRAL,2026-09-07,2027-09-07,37.75679889139096,51.39148556594226,41.708,55.82789816138568,45.15,69.77066522537906,100.0,46.52,391,22.47,Zayıf,False
IRM,IRM,Iron Mountain,Real Estate,Other Specialized REITs,116.86,34789552128.0,146.2,146.0,140.0,155.0,25.11,11.0,10.26,94.4,-19.22,93.39,95.4,,2,42.834576,34.23,2.72817,-1.25,18.5,,33.73,5.54,,7.74,-5.62,12.78,32.68,33.12,-25.15,116.86,142.9,22.28,45.97,59.32,NEUTRAL,2026-09-07,2027-09-07,32.286852589641434,68.65235460941844,53.980000000000004,31.666666666666668,56.94,50.01411371450655,87.5,46.43,392,22.17,Zayıf,False
A,A,Agilent Technologies,Health Care,Life Sciences Tools & Services,150.86,42537365504.0,175.45,177.5,155.0,190.0,16.3,22.0,19.95,105.53,-30.05,115.03,102.2,99.36,3,22.30469,17.01,6.7636,2.49,8.1,8.5,28.21,19.53,20.97,1.15,11.6,31.65,18.36,32.67,-29.75,150.86,175.76,16.5,42.67,29.66,NEUTRAL,2026-09-07,2027-09-07,36.27861435613478,63.88689554758219,34.864000000000004,52.50746249535596,50.23,59.40053823970695,100.0,46.43,392,22.17,Zayıf,False
ES,ES,Eversource Energy,Utilities,Electric Utilities,71.05,26762741760.0,73.58333,74.5,52.0,85.0,3.57,16.0,44.85,102.44,44.18,82.41,98.49,126.43,3,14.451426,16.76,4.91647,3.03,2.3,-85.4,35.24,10.35,9.02,5.67,0.64,-3.42,17.16,24.66,-15.13,71.05,81.43,14.61,31.35,15.53,WEAK,2026-09-07,2027-09-07,86.80503791286468,20.685002740010958,21.858,34.44568038561365,67.21,64.51401970233033,100.0,46.42,394,21.87,Zayıf,False
COR,COR,Cencora,Health Care,Health Care Distributors,330.95,63154253824.0,369.30768,370.0,330.0,430.0,11.59,15.0,27.08,331.44,0.15,336.4,375.03,282.9,3,16.732563,17.01,19.7788,3.24,5.1,11.9,1.67,0.79,96.87,2.1,20.56,-7.28,13.93,31.47,-32.44,330.95,381.4,15.25,36.87,19.24,WEAK,2026-09-07,2027-09-07,57.596731717199,42.311689246756984,26.291999999999998,37.06020386811347,89.19,49.418670926551805,100.0,46.38,395,21.67,Zayıf,False
BF.B,BF-B,Brown–Forman,Consumer Staples,Distillers & Vintners,26.73,12265441280.0,28.25882,28.0,20.0,35.0,5.72,18.0,53.08,28.43,6.37,26.5,28.24,30.56,3,15.605296,15.47,1.71288,5.59,-1.4,5.7,30.29,18.42,18.12,1.8,3.95,8.64,-1.92,38.75,-25.48,26.73,30.0,12.22,35.83,4.21,WEAK,2026-09-07,2027-09-07,67.58378251699085,23.28253313013252,16.858,57.25114642631246,99.4,40.73323526950989,100.0,46.33,396,21.47,Zayıf,False
ABNB,ABNB,Airbnb,Consumer Discretionary,"Hotels, Resorts & Cruise Lines",181.94,108943065088.0,179.4625,184.0,125.0,220.0,-1.36,46.0,52.94,105.28,-42.13,103.0,79.62,133.22,3,29.63255,16.78,6.13987,2.94,16.5,33.4,20.98,20.45,34.54,-3.47,36.24,36.56,45.12,34.36,-17.21,181.94,225.3,23.83,50.58,63.53,NEUTRAL,2026-09-07,2027-09-07,34.366880304867486,28.17915271661087,58.35,63.63523455336591,47.9,60.362040014210564,100.0,46.17,397,21.27,Zayıf,False
ISRG,ISRG,Intuitive Surgical,Health Care,Health Care Equipment,366.7,131380568064.0,478.00934,484.0,324.0,685.0,30.35,33.0,75.52,195.93,-46.57,205.3,189.63,192.85,3,30.37902,17.01,12.07083,1.99,18.5,26.5,37.89,28.45,17.42,-1.25,-13.12,-25.19,-19.32,36.54,-44.0,366.7,435.85,18.86,45.38,42.69,NEUTRAL,2026-09-07,2027-09-07,28.009993922614626,72.17376869507478,43.766,68.23934219010893,16.29,36.05598803008087,100.0,46.05,398,21.07,Zayıf,False
PLTR,PLTR,Palantir Technologies,Information Technology,Application Software,174.33,418925182976.0,193.87778,205.0,80.0,255.0,11.21,32.0,90.26,31.91,-81.69,42.06,25.68,27.99,3,74.94938,18.08,2.32597,0.52,92.8,215.4,43.25,49.01,38.1,-3.45,28.63,10.93,11.65,60.93,-48.22,174.33,266.45,52.84,61.91,93.39,STRONG,2026-09-07,2027-09-07,22.39589586858047,40.190360761443046,80.798,71.60204232270938,0.0,28.654929620126993,100.0,46.01,399,20.87,Zayıf,False
TJX,TJX,TJX Companies,Consumer Discretionary,Apparel Retail,132.08,145284562944.0,169.8,175.0,136.0,198.0,28.56,22.0,36.51,100.16,-24.17,96.86,104.15,99.46,3,22.87686,16.78,5.77352,3.03,5.4,23.6,14.28,9.73,62.17,0.93,-17.56,-16.57,-5.2,20.32,-21.78,132.08,150.24,13.75,37.2,8.22,WEAK,2026-09-07,2027-09-07,43.40724060280616,72.18348873395493,19.812000000000005,50.242090968270425,48.41,67.01333592272316,100.0,45.97,400,20.68,Zayıf,False
ORLY,ORLY,O'Reilly Automotive,Consumer Discretionary,Automotive Retail,87.89,71099564032.0,107.8,110.0,89.0,120.0,22.65,28.0,28.76,56.39,-35.84,61.25,59.61,48.3,3,24.071209,16.78,3.65125,2.21,8.1,10.3,22.45,14.27,,2.24,-2.7,-7.09,-16.33,25.63,-23.27,87.89,101.79,15.82,43.56,24.45,NEUTRAL,2026-09-07,2027-09-07,34.58340550840118,75.58802235208941,32.094,54.5988562778572,37.38,61.65907700515874,93.75,45.92,401,20.48,Zayıf,False
WST,WST,West Pharmaceutical Services,Health Care,Health Care Supplies,339.97,23925647360.0,404.73334,410.0,340.0,459.0,19.05,16.0,29.4,156.66,-53.92,169.48,196.16,104.34,3,34.11723,17.01,9.96476,1.16,13.8,18.1,27.42,16.98,19.09,-0.13,8.17,38.47,37.77,33.77,-24.7,339.97,432.8,27.31,41.43,73.35,NEUTRAL,2026-09-07,2027-09-07,24.94158957390776,59.08179632718531,60.581999999999994,56.5106268496099,11.62,60.54913522115184,100.0,45.86,402,20.28,Zayıf,False
AXP,AXP,American Express,Financials,Consumer Finance,326.16,220259057664.0,375.9556,382.0,315.0,450.0,15.27,30.0,35.91,268.29,-17.74,268.29,,,1,16.215822,13.34,20.11369,,12.8,11.0,0.0,16.14,34.38,,5.28,9.0,-0.3,26.66,-23.9,326.16,382.01,17.12,46.76,33.07,NEUTRAL,2026-09-07,2027-09-07,35.67065073041169,61.214244856979434,38.546,47.99543205177008,66.58,59.09745269199764,87.5,45.82,403,20.08,Zayıf,False
LNT,LNT,Alliant Energy,Utilities,Electric Utilities,67.97,17623580672.0,78.04167,78.0,73.0,83.0,14.82,13.0,12.81,54.1,-20.4,61.78,46.43,,2,18.441595,16.76,3.68569,-6.46,1.0,-4.0,41.3,18.45,11.13,6.61,-6.02,-3.56,8.29,16.37,-12.53,67.97,77.9,14.61,30.13,15.53,WEAK,2026-09-07,2027-09-07,43.22087992117551,53.67929471717886,21.369999999999997,57.89766407119021,63.76,75.87420239054393,100.0,45.74,404,19.88,Zayıf,False
CTVA,CTVA,Corteva,Materials,Fertilizers & Agricultural Chemicals,87.86,58619842560.0,92.1,95.0,78.0,103.0,4.83,21.0,27.14,83.08,-5.44,64.49,69.92,114.83,3,21.319965,15.65,4.12102,4.12,-1.2,-9.9,24.0,5.66,4.26,0.59,14.3,14.67,22.07,27.5,-17.89,87.86,100.06,13.89,35.64,9.62,WEAK,2026-09-07,2027-09-07,59.214342629482076,35.59526238104952,20.028,40.370370370370374,89.7,74.73550281477468,100.0,45.69,405,19.68,Zayıf,False
SLB,SLB,Schlumberger,Energy,Oil & Gas Equipment & Services,57.51,85353078784.0,62.03448,63.0,43.0,71.0,7.87,30.0,45.14,39.3,-31.66,45.33,38.71,33.86,3,17.794651,14.03,3.23187,3.46,5.0,-29.7,20.3,8.53,12.91,1.18,5.36,23.91,63.61,35.98,-22.27,57.51,72.33,25.76,50.27,68.34,NEUTRAL,2026-09-07,2027-09-07,39.21267311705559,40.61304245216981,61.112,30.15873015873016,55.13,42.111250807968304,100.0,45.35,406,19.48,Zayıf,False
MCO,MCO,Moody's Corporation,Financials,Financial Exchanges & Data,493.55,85473476608.0,561.9048,570.0,505.0,610.0,13.85,24.0,18.69,255.39,-48.26,252.5,259.52,254.14,3,26.0724,13.34,18.92998,3.02,15.1,56.7,49.67,34.25,76.93,1.51,9.58,5.04,-0.39,28.27,-23.61,493.55,575.82,16.67,48.64,30.26,NEUTRAL,2026-09-07,2027-09-07,28.902263287276426,60.63192252769011,37.612,73.68364168783707,24.99,60.11462952412447,100.0,45.31,407,19.28,Zayıf,False
BNY,BNY,BNY Mellon,Financials,Asset Management & Custody Banks,164.84,111844614144.0,167.33333,172.0,135.0,184.0,1.51,16.0,29.28,136.67,-17.09,136.67,,,1,16.088528,13.34,10.24581,,13.1,26.9,0.0,29.41,14.12,,16.23,44.19,58.88,21.31,-10.15,164.84,197.95,20.08,57.25,48.3,NEUTRAL,2026-09-07,2027-09-07,35.90969455511288,24.973579894319577,51.879999999999995,51.84661844943535,79.83,86.74605672577759,87.5,45.28,408,19.09,Zayıf,False
VST,VST,Vistra Corp.,Utilities,Electric Utilities,149.3,50110337024.0,217.42105,221.0,106.0,305.0,45.63,20.0,91.53,127.23,-14.78,173.74,201.45,6.49,3,14.403398,16.76,10.36561,0.07,-5.5,-6.2,34.59,11.55,42.96,3.02,0.5,-5.63,-20.9,49.58,-38.01,149.3,169.83,13.75,28.64,8.02,WEAK,2026-09-07,2027-09-07,57.97712376301247,66.84238736954947,16.268,46.032628846866885,47.66,32.72115641531251,100.0,45.24,409,18.89,Zayıf,False
NSC,NSC,Norfolk Southern,Industrials,Rail Transportation,329.46,73999474688.0,365.27777,369.5,297.0,414.0,10.87,21.0,32.03,274.16,-16.79,287.96,347.47,187.05,3,23.005182,20.11,14.32112,1.87,11.4,-4.4,45.16,21.02,16.98,2.84,5.52,9.69,19.84,20.55,-12.47,329.46,382.04,15.96,38.99,25.45,NEUTRAL,2026-09-07,2027-09-07,41.894195370417066,43.050172200688806,30.866,52.69256238812679,71.5,66.43039023787767,100.0,45.18,410,18.69,Zayıf,False
CME,CME,CME Group,Financials,Financial Exchanges & Data,281.29,101146050560.0,283.06668,285.0,230.0,330.0,0.63,16.0,35.33,157.69,-43.94,172.25,162.75,138.06,3,21.78268,13.34,12.91347,2.88,0.8,2.5,70.61,63.44,15.8,0.33,9.85,-8.7,9.27,23.66,-31.09,281.29,384.21,36.59,59.62,86.37,STRONG,2026-09-07,2027-09-07,29.72450623039756,20.524682098728398,75.67,49.784936569773244,43.11,58.15728873253465,100.0,45.14,411,18.49,Zayıf,False
INTC,INTC,Intel,Information Technology,Semiconductors,95.8,506408894464.0,115.78049,112.0,75.0,200.0,20.86,48.0,107.96,41.5,-56.68,36.93,58.9,28.68,3,46.910885,18.08,2.04217,0.96,25.4,,29.53,-19.79,-10.71,1.24,-3.4,120.64,289.27,78.8,-41.9,95.8,158.47,65.42,65.59,96.79,STRONG,2026-09-07,2027-09-07,27.013043715548765,63.22877291509167,84.31,28.250943021639863,5.54,12.84781906196445,93.75,45.05,412,18.29,Zayıf,False
YUM,YUM,Yum! Brands,Consumer Discretionary,Restaurants,150.71,41128923136.0,173.33636,174.5,147.0,200.0,15.01,26.0,30.58,103.19,-31.53,125.12,108.5,75.95,3,20.20775,16.78,7.45803,2.03,12.2,131.6,35.17,25.41,,4.15,-0.11,-5.35,6.4,23.8,-13.58,150.71,171.97,14.11,37.84,11.72,WEAK,2026-09-07,2027-09-07,36.18049540966568,60.883883535534146,22.168000000000003,73.56446051635692,49.27,63.482933253673714,93.75,45.04,413,18.09,Zayıf,False
EW,EW,Edwards Lifesciences,Health Care,Health Care Equipment,89.9,51818360832.0,100.96154,101.5,84.0,110.0,12.3,29.0,25.75,57.35,-36.2,57.44,58.13,56.49,3,26.617321,17.01,3.3775,2.38,13.6,-25.4,30.66,15.43,9.18,-1.78,4.58,10.12,11.04,24.54,-13.19,89.9,105.39,17.23,40.65,33.87,NEUTRAL,2026-09-07,2027-09-07,33.07110540887298,58.65103460413842,36.582,46.798920447023754,44.9,85.63521950324176,100.0,44.94,414,17.89,Zayıf,False
GLW,GLW,Corning Inc.,Information Technology,Electronic Components,154.3,132912226304.0,191.4,200.0,129.0,226.0,24.04,16.0,50.68,63.42,-58.9,78.13,85.56,26.56,3,35.713627,18.08,4.32048,0.55,16.6,18.5,24.08,11.2,16.81,1.68,-12.95,25.58,123.24,70.4,-51.48,154.3,276.19,79.0,68.7,100.0,STRONG,2026-09-07,2027-09-07,24.34317524422857,57.33830935323741,87.48,30.786691304856877,0.0,15.73990187406595,100.0,44.83,415,17.69,Zayıf,False
BX,BX,Blackstone Inc.,Financials,Asset Management & Custody Banks,136.15,162739781632.0,144.04762,140.0,119.0,184.0,5.8,23.0,45.12,99.91,-26.61,99.91,,,1,18.176235,13.34,7.49055,,28.6,57.3,0.0,22.73,31.37,,19.24,25.74,-16.61,36.52,-44.76,136.15,167.81,23.25,53.97,62.32,NEUTRAL,2026-09-07,2027-09-07,31.36786188579017,31.277445109780444,58.98,65.82093642938713,63.82,28.009763728915754,87.5,44.75,416,17.5,Zayıf,False
CMS,CMS,CMS Energy,Utilities,Multi-Utilities,68.46,21467492352.0,79.58333,80.0,68.0,87.0,16.25,15.0,23.87,67.94,-0.76,69.68,66.2,,2,16.46928,16.76,4.15683,-10.24,-0.5,-43.9,34.24,11.64,9.16,6.32,-4.2,-9.86,-1.32,17.1,-13.63,68.46,78.95,15.32,29.76,20.64,NEUTRAL,2026-09-07,2027-09-07,47.84946236559139,55.53814215256861,24.288000000000004,22.76603633667037,84.21,74.36965574835942,100.0,44.7,417,17.2,Zayıf,False
TAP,TAP,Molson Coors Beverage Company,Consumer Staples,Brewers,40.5,7551384576.0,45.47619,45.0,34.0,61.0,12.29,21.0,59.37,100.69,148.63,75.99,123.53,102.56,3,8.244761,15.47,4.91221,12.38,-3.3,-42.3,20.42,-20.81,-19.47,2.56,4.9,-11.1,-14.39,28.33,-27.75,40.5,44.65,10.25,34.01,0.4,WEAK,2026-09-07,2027-09-07,98.56573705179282,38.521114084456336,13.844,29.33961891208096,24.45,40.853646247002246,100.0,44.7,417,17.2,Zayıf,False
V,V,Visa Inc.,Financials,Transaction & Payment Processing Services,375.07,700273459200.0,419.36163,422.0,330.0,466.0,11.81,40.0,32.43,197.03,-47.47,200.14,204.45,186.49,3,24.997501,13.34,15.0043,2.91,14.4,10.2,69.89,50.78,61.19,0.32,16.13,18.65,7.72,22.27,-17.18,375.07,438.98,17.04,46.72,31.86,NEUTRAL,2026-09-07,2027-09-07,28.715775197084007,56.39742558970236,37.804,68.14462199688451,27.86,72.79598073992031,100.0,44.56,419,16.9,Zayıf,False
NDAQ,NDAQ,"Nasdaq, Inc.",Financials,Financial Exchanges & Data,96.88,54153723904.0,109.86667,110.0,84.0,135.0,13.4,17.0,46.42,57.98,-40.15,62.4,59.91,51.64,3,20.707623,13.34,4.67847,3.12,14.9,14.1,59.73,35.04,16.52,2.61,11.4,10.3,4.03,27.69,-23.38,96.88,117.14,20.91,49.65,52.91,NEUTRAL,2026-09-07,2027-09-07,33.04738492837161,40.58104232416929,51.605999999999995,61.057076855099034,38.17,44.2026310186089,100.0,44.47,420,16.7,Zayıf,False
JNJ,JNJ,Johnson & Johnson,Health Care,Pharmaceuticals,275.23,663276421120.0,275.63635,281.0,190.0,320.0,0.15,23.0,47.16,199.93,-27.36,209.33,205.36,185.11,3,22.362787,17.01,12.3075,2.55,6.6,-0.9,35.61,21.48,25.74,0.81,18.82,15.71,57.44,19.01,-10.96,275.23,328.32,19.29,49.21,44.09,NEUTRAL,2026-09-07,2027-09-07,38.41042609224121,23.221332885331545,46.138000000000005,53.90345089699408,68.16,74.85666300723749,100.0,44.43,421,16.5,Zayıf,False
TMO,TMO,Thermo Fisher Scientific,Health Care,Life Sciences Tools & Services,613.78,226943500288.0,638.1111,650.0,520.0,750.0,3.96,29.0,36.04,428.71,-30.15,468.2,372.24,445.68,3,22.296474,17.01,27.52812,2.75,10.5,9.4,25.34,15.04,13.51,3.28,29.95,22.52,25.85,30.52,-31.38,613.78,742.41,20.96,42.02,53.71,NEUTRAL,2026-09-07,2027-09-07,37.17604159632656,37.168068672274686,49.034000000000006,49.143894846074026,60.74,39.04810374845805,100.0,44.38,422,16.3,Zayıf,False
SRE,SRE,Sempra,Utilities,Multi-Utilities,84.04,54953787392.0,101.82353,102.0,84.0,118.0,21.16,19.0,33.39,77.66,-7.59,92.79,62.53,,2,15.180717,16.76,5.53597,-50.33,-0.1,71.3,43.34,16.82,6.68,6.23,-7.42,-7.99,5.3,20.91,-17.51,84.04,95.77,13.96,29.26,10.22,WEAK,2026-09-07,2027-09-07,38.71953048022962,62.9181316725267,17.836000000000002,46.7741935483871,73.07,64.75144864216986,100.0,44.28,423,16.0,Zayıf,False
L,L,Loews Corporation,Financials,Multi-line Insurance,109.3,22343950336.0,,,,,,,,110.37,0.98,38.68,187.09,105.35,3,37.689655,13.34,2.9,5.65,3.9,15.6,17.32,9.02,9.31,0.78,1.67,-0.21,12.33,16.3,-9.25,109.3,126.25,15.51,43.92,22.24,NEUTRAL,2026-09-07,2027-09-07,60.743409341357975,50.0,30.912,33.16977450930103,50.0,80.55371474854576,81.25,44.28,423,16.0,Zayıf,False
PANW,PANW,Palo Alto Networks,Information Technology,Systems Software,333.26,271606906880.0,390.5,410.0,190.0,475.0,17.18,55.0,72.98,101.7,-69.48,88.51,45.74,170.84,3,68.09076,18.08,4.89435,1.65,34.4,,16.21,2.67,1.74,-0.31,22.5,101.91,73.26,45.2,-36.01,333.26,501.7,50.54,64.39,92.38,STRONG,2026-09-07,2027-09-07,28.233913660426786,59.66035864143456,81.184,27.476672622592808,0.0,33.84581330748864,93.75,44.25,425,15.71,Zayıf,False
ETR,ETR,Entergy,Utilities,Electric Utilities,107.27,51251187712.0,123.025,126.0,91.0,137.0,14.69,23.0,37.39,87.02,-18.87,85.52,88.53,,2,21.025005,16.76,5.10202,-8.59,5.9,-1.9,41.08,13.33,10.25,5.56,-2.56,3.63,24.68,20.45,-10.56,107.27,122.96,14.62,31.69,16.03,WEAK,2026-09-07,2027-09-07,39.60116523154693,53.60209440837764,22.294000000000004,50.94549499443826,65.72,75.71961726312884,100.0,44.19,426,15.51,Zayıf,False
NWS,NWS,News Corp (Class B),Communication Services,Publishing,33.9,18194145280.0,,,,,,8.0,,30.61,-9.7,21.92,30.7,39.22,3,22.42479,14.5,1.51172,5.74,10.8,-74.9,14.82,6.35,7.98,0.61,8.69,22.83,2.89,27.61,-25.76,33.9,39.79,17.37,39.17,35.47,NEUTRAL,2026-09-07,2027-09-07,53.90106241699868,50.0,36.95,35.22727272727273,50.0,58.1414292025624,87.5,44.18,427,15.31,Zayıf,False
ARES,ARES,Ares Management,Financials,Asset Management & Custody Banks,140.15,46228000768.0,147.5,149.0,122.0,168.0,5.24,18.0,31.19,74.28,-47.0,95.93,15.16,111.73,3,19.48712,13.34,7.19193,4.67,5.8,6.5,23.89,10.63,14.94,9.1,12.66,30.43,-19.29,44.27,-47.09,140.15,188.49,34.49,61.25,84.97,STRONG,2026-09-07,2027-09-07,34.36721200305162,31.018004072016286,75.482,37.71047883364335,33.97,24.591927393554506,100.0,43.95,428,15.11,Zayıf,False
AWK,AWK,American Water Works,Utilities,Water Utilities,140.7,27961167872.0,140.36365,140.0,128.0,155.0,-0.24,13.0,19.24,111.87,-20.49,110.05,113.69,,2,21.429224,16.76,6.5658,-6.39,6.2,8.6,55.13,21.35,10.1,5.44,13.79,3.75,2.1,22.57,-15.0,140.7,161.14,14.53,29.79,15.03,WEAK,2026-09-07,2027-09-07,43.6867583429722,24.941819767279068,20.933999999999997,71.48683722654802,77.41,83.48704399114396,100.0,43.78,429,14.91,Zayıf,False
DTE,DTE,DTE Energy,Utilities,Multi-Utilities,136.08,28316624896.0,156.85715,156.5,143.0,168.0,15.27,17.0,15.94,117.98,-13.3,140.22,95.75,,2,16.267298,16.76,8.36525,-9.17,-1.5,22.4,21.97,8.0,11.03,7.69,-5.9,-7.92,3.08,17.02,-12.44,136.08,157.33,15.61,29.68,23.45,NEUTRAL,2026-09-07,2027-09-07,40.17564151994174,57.31450925803704,25.942,33.537263626251395,71.71,71.5160938178544,100.0,43.77,430,14.71,Zayıf,False
META,META,Meta Platforms,Communication Services,Interactive Media & Services,616.77,1571225468928.0,754.77405,750.0,580.0,1000.0,22.38,62.0,55.65,408.25,-33.81,506.83,547.51,170.41,3,17.642334,14.5,34.95966,1.37,28.0,-13.4,48.04,29.83,29.85,0.2,4.1,-4.19,-17.35,38.88,-32.46,616.77,702.97,13.98,36.8,10.62,WEAK,2026-09-07,2027-09-07,34.44887118193891,69.59943839775359,21.092,65.8459595959596,40.41,39.42763758132567,100.0,43.69,431,14.51,Zayıf,False
CRL,CRL,Charles River Laboratories,Health Care,Life Sciences Tools & Services,288.5,13896389632.0,281.0,300.0,145.0,318.0,-2.6,16.0,61.57,226.13,-21.62,215.76,205.47,257.17,3,22.741642,17.01,12.68598,3.37,-2.7,,21.23,-5.96,-7.52,3.35,59.09,65.37,77.75,45.86,-33.88,288.5,413.97,43.49,62.11,90.18,STRONG,2026-09-07,2027-09-07,44.29063407387399,10.184000736002945,78.952,19.13998744507219,78.36,19.009364791143952,93.75,43.67,432,14.31,Zayıf,False
PG,PG,Procter & Gamble,Consumer Staples,Personal Care Products,146.44,340132134912.0,160.6087,162.0,143.0,186.0,9.68,25.0,26.77,118.76,-18.9,114.47,124.88,116.93,3,19.789724,15.47,7.3998,3.9,1.5,-15.5,28.44,18.44,30.29,1.01,0.68,-3.25,-5.3,19.67,-15.52,146.44,162.27,10.81,32.25,1.6,WEAK,2026-09-07,2027-09-07,45.4651980314038,47.781351125404505,13.86,53.42346616065782,70.04,85.02822508541819,100.0,43.66,433,14.12,Zayıf,False
ETN,ETN,Eaton Corporation,Industrials,Electrical Components & Equipment,410.85,159574147072.0,475.5708,485.0,333.0,534.0,15.75,27.0,42.27,265.71,-35.33,323.06,230.99,243.08,3,25.571014,20.11,16.06702,1.95,21.4,-15.9,22.11,12.75,19.68,3.11,4.02,19.13,19.3,38.34,-18.33,410.85,491.7,19.68,40.52,45.39,NEUTRAL,2026-09-07,2027-09-07,33.0778153209945,58.13623254493018,43.442,43.98376985624042,43.38,39.22391405513835,100.0,43.65,434,13.92,Zayıf,False
ERIE,ERIE,Erie Indemnity,Financials,Insurance Brokers,252.8,13218878464.0,,,,,,1.0,,183.25,-27.51,186.87,205.82,157.04,3,18.044254,13.34,14.01,3.64,2.8,3.2,20.27,14.01,24.81,-0.29,11.89,-1.59,-23.27,37.08,-37.87,252.8,302.59,19.69,54.27,45.89,NEUTRAL,2026-09-07,2027-09-07,39.755022463338136,50.0,49.242000000000004,39.02798093268576,50.0,44.649142183933435,87.5,43.64,435,13.62,Zayıf,False
VMC,VMC,Vulcan Materials Company,Materials,Construction Materials,262.63,34031263744.0,325.73914,335.0,198.0,365.0,24.03,24.0,51.27,182.02,-30.69,168.66,171.04,206.35,3,24.368698,15.65,10.77735,2.48,2.5,2.7,28.84,13.75,13.23,2.03,-6.49,-3.95,-9.49,28.25,-22.05,262.63,298.67,13.72,37.59,7.82,WEAK,2026-09-07,2027-09-07,42.710756972111554,65.24114096456385,19.728,53.55555555555555,43.39,52.14207739534735,100.0,43.64,435,13.62,Zayıf,False
GIS,GIS,General Mills,Consumer Staples,Packaged Foods & Meats,38.29,20470962176.0,37.77778,37.0,31.0,47.0,-1.34,20.0,42.35,73.62,92.27,49.66,82.9,88.3,3,11.928759,15.47,3.20989,11.28,2.2,-14.5,18.72,-0.47,-1.03,-0.12,17.5,-10.57,-18.02,28.16,-34.28,38.29,43.03,12.37,34.83,4.41,WEAK,2026-09-07,2027-09-07,94.39184438715725,20.128960515842067,16.578,36.40595351043643,35.65,55.83764007959786,100.0,43.59,437,13.32,Zayıf,False
D,D,Dominion Energy,Utilities,Multi-Utilities,65.84,57907986432.0,71.81818,70.0,66.0,80.0,9.08,15.0,19.49,64.05,-2.72,63.95,64.14,,2,17.256336,16.76,3.81541,-15.85,17.6,-58.0,46.03,13.98,8.28,6.43,-0.59,6.22,18.12,20.24,-9.77,65.84,75.13,14.11,27.78,11.42,WEAK,2026-09-07,2027-09-07,45.77003812706165,39.14535658142633,17.964000000000002,43.65962180200222,88.57,76.38410438525997,100.0,42.99,438,13.02,Zayıf,False
VRTX,VRTX,Vertex Pharmaceuticals,Health Care,Biotechnology,546.12,138420076544.0,569.53845,577.5,350.0,672.0,4.29,30.0,56.54,323.1,-40.84,370.29,325.09,273.92,3,25.083778,17.01,21.77184,1.9,12.5,8.0,40.52,35.0,23.54,-1.15,22.22,19.58,37.59,28.58,-15.21,546.12,657.31,20.36,46.17,49.5,NEUTRAL,2026-09-07,2027-09-07,29.58336146937673,31.69520678082712,48.168,63.80155954409384,44.78,63.233749668391425,100.0,42.99,438,13.02,Zayıf,False
DRI,DRI,Darden Restaurants,Consumer Discretionary,Restaurants,216.88,24624936960.0,231.04,235.0,156.0,276.0,6.53,28.0,51.94,189.76,-12.5,207.84,188.14,173.29,3,17.50571,16.78,12.3891,3.21,13.7,36.0,16.01,9.13,53.72,3.7,10.35,8.43,6.46,27.36,-20.07,216.88,245.9,13.38,36.49,6.61,WEAK,2026-09-07,2027-09-07,49.698596916681105,34.46577786311145,18.562,58.1533029960412,80.38,44.17870468740874,100.0,42.93,440,12.72,Zayıf,False
RMD,RMD,ResMed|,Health Care,Health Care Equipment,228.35,32940013568.0,246.125,235.0,175.0,320.0,7.78,19.0,58.91,206.39,-9.62,224.71,222.43,172.03,3,17.283335,17.01,13.21215,2.85,8.6,2.4,37.07,26.95,24.27,-0.31,16.82,-9.17,-15.72,28.38,-34.97,228.35,260.79,14.21,38.04,13.23,WEAK,2026-09-07,2027-09-07,48.610979809575255,26.365025460101837,23.154,60.605070653496796,82.44,46.16365795277399,100.0,42.86,441,12.52,Zayıf,False
GWW,GWW,W. W. Grainger,Industrials,Industrial Machinery & Supplies & Components,1324.49,62384730112.0,1332.5714,1352.5,1100.0,1500.0,0.61,19.0,30.02,973.18,-26.52,1026.35,1087.99,805.2,3,25.94796,20.11,51.04409,2.0,10.3,20.5,17.07,9.92,46.09,0.69,2.08,19.5,29.9,23.67,-13.35,1324.49,1555.83,17.47,41.12,36.87,NEUTRAL,2026-09-07,2027-09-07,38.11185637198044,26.304905219620878,38.56999999999999,49.082250888965596,68.83,81.99940952554384,100.0,42.78,442,12.33,Zayıf,False
AES,AES,AES Corporation,Utilities,Independent Power Producers & Energy Traders,14.79,10551757824.0,15.0,15.0,15.0,15.0,1.42,10.0,0.0,35.77,141.87,39.85,31.69,,2,6.2202444,16.76,2.37772,-29.28,19.9,,31.18,14.34,9.57,7.64,2.03,7.08,21.2,33.13,-18.98,14.79,17.35,17.32,34.86,34.67,NEUTRAL,2026-09-07,2027-09-07,72.83082722871954,26.609706438825754,34.746,42.58064516129032,18.18,53.898787120833084,93.75,42.31,443,12.13,Zayıf,False
MAR,MAR,Marriott International,Consumer Discretionary,"Hotels, Resorts & Cruise Lines",336.51,87750467584.0,380.64,393.0,280.0,425.0,13.11,28.0,38.09,201.85,-40.02,220.6,188.39,196.55,3,25.591341,16.78,13.14937,2.35,11.1,4.3,65.19,35.03,,3.6,-14.09,4.34,26.21,27.35,-17.07,336.51,388.44,15.43,39.83,21.04,NEUTRAL,2026-09-07,2027-09-07,33.703447081240256,53.68421473685895,28.555999999999997,67.86729459254899,38.61,53.66811517370852,93.75,42.22,444,11.93,Zayıf,False
TKO,TKO,TKO Group Holdings,Communication Services,Movies & Entertainment,186.01,35206057984.0,231.15788,235.0,185.0,250.0,24.27,22.0,28.12,78.83,-57.62,57.81,87.56,91.11,3,46.64816,14.5,3.98751,2.43,18.2,14.4,30.56,4.33,7.06,2.69,-8.23,-7.5,-0.62,31.69,-19.61,186.01,221.51,19.09,37.76,43.49,NEUTRAL,2026-09-07,2027-09-07,29.05710491367862,72.54421017684069,41.198,48.16919191919191,1.72,54.85936667901741,100.0,42.21,445,11.73,Zayıf,False
NEE,NEE,NextEra Energy,Utilities,Multi-Utilities,83.43,174033158144.0,98.38889,100.5,55.0,114.0,17.93,20.0,59.97,57.2,-31.43,73.56,40.85,,2,19.010576,16.76,4.38861,-10.21,12.4,53.1,50.85,32.4,11.68,7.35,-2.08,-6.97,21.11,21.33,-15.14,83.43,95.22,14.13,35.0,12.42,WEAK,2026-09-07,2027-09-07,30.446814890973737,50.389481557926224,21.451999999999998,79.49573600296627,47.05,50.42341464818948,100.0,42.2,446,11.53,Zayıf,False
F,F,Ford Motor Company,Consumer Discretionary,Automobile Manufacturers,14.62,58298650624.0,15.85368,15.92,11.0,20.0,8.44,21.0,56.77,32.13,119.78,32.13,,,1,7.63303,16.78,1.91536,-13.62,-3.8,,4.07,-3.94,-18.25,18.47,-0.82,23.17,31.01,38.13,-23.39,14.62,18.71,27.99,44.03,75.15,NEUTRAL,2026-09-07,2027-09-07,64.30914025059182,30.344761379045515,62.702000000000005,4.403844177202179,32.16,26.041446710518454,93.75,42.19,447,11.33,Zayıf,False
CTAS,CTAS,Cintas,Industrials,Diversified Support Services,200.47,80221995008.0,216.3125,219.5,175.0,250.0,7.9,20.0,34.67,117.51,-41.38,122.93,118.36,111.23,3,32.788845,20.11,6.11397,1.83,8.9,15.6,26.59,17.75,40.71,0.81,11.75,-1.02,-2.11,23.09,-20.04,200.47,239.95,19.69,42.51,45.69,NEUTRAL,2026-09-07,2027-09-07,29.927883403096477,35.27926111704447,44.418,58.557210186515555,40.81,71.60200486314237,100.0,42.09,448,11.13,Zayıf,False
MSCI,MSCI,MSCI,Financials,Financial Exchanges & Data,573.01,41657827328.0,692.05884,700.0,570.0,760.0,20.78,18.0,27.45,278.48,-51.4,300.08,254.93,280.43,3,25.47011,13.34,22.49735,2.87,12.2,19.6,58.86,40.73,,3.16,-6.56,1.39,4.32,30.33,-18.07,573.01,672.42,17.35,47.53,35.17,NEUTRAL,2026-09-07,2027-09-07,26.191404594388402,64.56509826039304,40.114000000000004,60.66099290780143,14.77,53.82779032772858,93.75,41.96,449,10.93,Zayıf,False
PM,PM,Philip Morris International,Consumer Staples,Tobacco,182.53,284493709312.0,207.13333,210.0,175.0,230.0,13.48,16.0,26.55,129.59,-29.0,141.84,119.49,127.46,3,19.907774,15.47,9.16878,3.41,10.4,-7.5,42.34,25.56,,2.39,3.23,9.24,17.37,28.05,-18.54,182.53,204.7,12.14,38.5,3.91,WEAK,2026-09-07,2027-09-07,39.73752050621045,48.400433601734406,17.746000000000002,66.98292220113852,53.94,64.29832533737806,93.75,41.91,450,10.74,Zayıf,False
WAT,WAT,Waters Corporation,Health Care,Life Sciences Tools & Services,409.38,40195325952.0,440.65216,450.0,349.0,480.0,7.64,24.0,29.73,226.5,-44.67,281.42,171.58,,2,24.741066,17.01,16.54658,-0.35,113.4,,31.26,3.59,1.92,3.4,12.05,35.31,36.6,36.11,-31.32,409.38,536.35,31.02,52.72,80.16,NEUTRAL,2026-09-07,2027-09-07,20.60458730051545,41.5938463753855,69.184,42.93157564344005,35.8,37.04413523008175,93.75,41.84,451,10.54,Zayıf,False
GRMN,GRMN,Garmin,Consumer Discretionary,Consumer Electronics,277.03,53425938432.0,290.2857,295.0,220.0,370.0,4.78,8.0,51.67,165.77,-40.16,184.62,178.06,134.62,3,25.173012,16.78,11.00504,1.95,11.4,35.3,30.13,24.47,21.89,-1.06,17.62,14.72,18.48,34.03,-27.97,277.03,345.25,24.62,41.94,65.73,NEUTRAL,2026-09-07,2027-09-07,31.72527282175645,17.613390453561816,56.214,60.465353504206405,45.39,50.96829376361963,100.0,41.66,452,10.34,Zayıf,False
DE,DE,Deere & Company,Industrials,Agricultural & Farm Machinery,693.53,186993311744.0,685.19,706.5,500.0,813.18,-1.2,24.0,45.71,449.46,-35.19,456.14,383.12,509.12,3,30.571552,20.11,22.68547,2.42,-11.1,-8.5,17.94,10.17,18.24,4.61,19.18,18.24,47.87,31.99,-19.9,693.53,874.24,26.06,54.1,69.14,NEUTRAL,2026-09-07,2027-09-07,35.3421756013919,23.918495673982697,63.124,27.491973222670826,58.45,39.09939721366799,100.0,41.32,453,10.14,Zayıf,False
IDXX,IDXX,Idexx Laboratories,Health Care,Health Care Equipment,535.38,42177835008.0,698.9231,700.0,470.0,805.0,30.55,14.0,47.93,295.7,-44.77,284.71,297.42,304.97,3,31.98265,17.01,16.7397,2.16,9.7,17.6,35.62,25.03,74.21,0.55,-4.76,-12.0,-16.4,32.16,-31.34,535.38,618.4,15.51,39.31,22.04,NEUTRAL,2026-09-07,2027-09-07,29.524613410763724,62.29428917715671,28.948,66.42368183933964,18.92,47.38552480294791,100.0,41.3,454,9.94,Yüksek Risk / Zayıf,False
LIN,LIN,Linde plc,Materials,Industrial Gases,477.57,220150300672.0,544.5417,550.0,400.0,580.0,14.02,27.0,33.06,295.59,-38.11,306.04,294.64,286.08,3,24.420975,15.65,19.55573,1.89,9.3,11.3,38.99,20.43,18.4,1.67,-5.66,-0.51,2.47,19.12,-19.18,477.57,528.87,10.74,28.64,1.4,WEAK,2026-09-07,2027-09-07,36.28366533864542,57.4749098996396,12.296000000000001,65.92592592592592,40.74,73.49051582289829,100.0,41.28,455,9.74,Yüksek Risk / Zayıf,False
KHC,KHC,Kraft Heinz,Consumer Staples,Packaged Foods & Meats,24.85,29467719680.0,25.14706,25.0,19.0,41.0,1.2,19.0,87.49,44.55,79.27,32.37,45.21,56.06,3,11.874555,15.47,2.09271,11.03,-1.4,,22.06,-13.64,-8.76,2.97,11.81,4.75,-1.52,26.83,-19.72,24.85,27.79,11.83,34.53,3.41,WEAK,2026-09-07,2027-09-07,92.24982423248184,13.699694798779195,15.858,37.42647058823529,44.32,40.885958561960784,93.75,41.07,456,9.54,Yüksek Risk / Zayıf,False
ECL,ECL,Ecolab,Materials,Specialty Chemicals,279.28,78290173952.0,324.9524,330.0,295.0,360.0,16.35,24.0,20.0,150.82,-46.0,147.38,138.31,166.75,3,29.65461,15.65,9.41776,1.88,9.7,3.3,24.55,12.57,21.96,2.12,8.56,-0.67,2.66,21.99,-20.09,279.28,315.89,13.11,32.45,5.81,WEAK,2026-09-07,2027-09-07,32.615139442231076,66.20306481225924,16.466,59.14814814814815,26.8,75.02144647147176,100.0,40.81,457,9.34,Yüksek Risk / Zayıf,False
TSCO,TSCO,Tractor Supply,Consumer Discretionary,Other Specialty Retail,34.99,18231195648.0,35.62963,35.0,28.0,46.0,1.83,30.0,50.52,26.13,-25.33,34.41,39.04,4.93,3,17.056978,16.78,2.05136,0.57,2.3,-15.0,12.26,6.42,39.51,3.27,18.31,-29.19,-40.91,32.11,-51.1,34.99,42.21,20.63,50.94,50.7,NEUTRAL,2026-09-07,2027-09-07,38.46180495409665,30.15212060848243,50.79600000000001,27.414446655889765,69.24,28.47044815064756,100.0,40.8,458,9.15,Yüksek Risk / Zayıf,False
MNST,MNST,Monster Beverage,Consumer Staples,Soft Drinks & Non-alcoholic Beverages,43.82,85845647360.0,50.26087,50.0,35.0,57.0,14.7,25.0,43.77,19.52,-55.46,20.24,20.76,17.55,3,33.484375,15.47,1.30867,1.96,20.2,18.0,31.82,23.08,25.7,-1.13,-2.13,15.91,38.12,26.59,-17.7,43.82,50.83,16.0,42.97,26.45,NEUTRAL,2026-09-07,2027-09-07,26.517459573470823,53.833455333821334,33.058,69.19176944971537,11.89,71.02193804050623,100.0,40.78,459,8.95,Yüksek Risk / Zayıf,False
KMB,KMB,Kimberly-Clark,Consumer Staples,Household Products,104.96,34907496448.0,118.6,115.0,90.0,162.0,13.0,16.0,60.71,96.8,-7.77,116.07,116.47,57.87,3,13.989034,15.47,7.50302,2.7,0.6,-32.3,20.99,11.79,104.91,1.6,7.25,2.96,-13.74,27.4,-27.2,104.96,117.08,11.55,33.64,2.61,WEAK,2026-09-07,2027-09-07,49.327396297164285,34.75313901255605,15.022000000000002,47.187302340290955,79.76,49.326806753490615,100.0,40.56,460,8.65,Yüksek Risk / Zayıf,False
PNW,PNW,Pinnacle West Capital,Utilities,Multi-Utilities,97.52,11819153408.0,105.84615,106.0,87.0,129.0,8.54,16.0,39.68,95.58,-1.99,93.32,97.85,,2,17.516695,16.76,5.56726,-7.86,7.1,-9.5,38.69,11.53,9.37,7.68,-4.52,-3.09,13.46,16.59,-10.17,97.52,110.42,13.23,28.26,6.21,WEAK,2026-09-07,2027-09-07,50.7642548087221,30.905443621774488,15.030000000000001,39.00630329996292,89.81,62.040052014501654,100.0,40.56,460,8.65,Yüksek Risk / Zayıf,False
COIN,COIN,Coinbase,Financials,Financial Exchanges & Data,184.64,48714850304.0,198.96896,200.0,95.0,330.0,7.76,34.0,118.11,83.52,-54.77,36.52,41.45,172.59,3,67.438545,13.34,2.7379,5.48,-17.3,,11.58,-16.34,-7.85,-3.03,21.15,-6.38,-39.82,70.84,-63.57,184.64,259.35,40.46,71.51,88.78,STRONG,2026-09-07,2027-09-07,32.469271848775115,33.31509326037304,81.872,19.231972397929844,18.26,26.3382917812652,93.75,40.5,462,8.35,Yüksek Risk / Zayıf,False
AJG,AJG,Arthur J. Gallagher & Co.,Financials,Insurance Brokers,262.69,67338215424.0,291.55557,288.5,250.0,388.0,10.99,22.0,47.33,166.13,-36.76,198.62,161.15,138.62,3,17.641153,13.34,14.89075,3.09,30.9,-10.7,28.38,10.38,6.72,2.97,21.54,15.53,-11.52,30.61,-37.81,262.69,318.08,21.08,49.13,53.91,NEUTRAL,2026-09-07,2027-09-07,33.57802831228278,38.91695566782268,51.998,34.96956501002051,45.19,30.844817534339718,100.0,40.48,463,8.15,Yüksek Risk / Zayıf,False
VMRK,VMRK,Vivmark Residential,Real Estate,Multi-Family Residential REITs,65.35,50566463488.0,73.96471,73.0,70.0,80.0,13.18,19.0,13.52,42.38,-35.15,50.43,32.94,43.78,3,44.363735,34.23,1.47305,2.74,3.3,,59.31,33.25,8.49,4.96,-3.17,6.55,4.13,20.2,-11.58,65.35,74.19,13.53,38.7,6.91,WEAK,2026-09-07,2027-09-07,35.06507304116866,54.020336081344325,19.626,51.666666666666664,45.7,88.39641509659478,93.75,40.44,464,7.95,Yüksek Risk / Zayıf,False
MDLZ,MDLZ,Mondelez International,Consumer Staples,Packaged Foods & Meats,61.28,78212161536.0,69.13043,70.0,55.0,77.0,12.81,24.0,31.82,44.27,-27.76,52.01,44.71,36.09,3,18.228058,15.47,3.36185,2.88,4.1,144.9,15.32,8.86,13.34,3.35,-0.4,6.73,4.12,23.35,-18.62,61.28,69.15,12.85,33.24,5.21,WEAK,2026-09-07,2027-09-07,39.86641668619639,52.29524918099672,16.422,48.67666824794434,56.15,57.87345653768067,100.0,40.34,465,7.75,Yüksek Risk / Zayıf,False
DHR,DHR,Danaher Corporation,Health Care,Life Sciences Tools & Services,207.66,145982078976.0,229.08696,230.0,195.0,310.0,10.32,26.0,50.2,152.85,-26.4,158.1,137.89,162.55,3,22.33929,17.01,9.29573,2.96,5.5,59.7,31.97,15.95,7.61,2.93,12.91,6.67,5.11,31.42,-32.97,207.66,237.67,14.45,37.48,14.23,WEAK,2026-09-07,2027-09-07,40.702950908231486,40.76364305457223,23.53,54.278390577825604,60.08,32.31048028737258,100.0,39.98,466,7.55,Yüksek Risk / Zayıf,False
HOOD,HOOD,Robinhood Markets,Financials,Investment Banking & Brokerage,122.11,109786939392.0,125.44963,127.0,57.0,163.6,2.73,29.0,84.97,43.98,-63.99,43.98,,,1,37.036476,13.34,3.29702,,32.3,47.6,0.0,42.01,23.62,,48.07,58.4,18.66,73.61,-57.26,122.11,178.91,46.52,67.17,91.38,STRONG,2026-09-07,2027-09-07,17.861885790172643,25.06386025544102,81.696,72.39147316330414,3.83,4.127273765556294,87.5,39.8,467,7.36,Yüksek Risk / Zayıf,False
CASY,CASY,Casey's,Consumer Staples,Food Retail,756.09,27979044864.0,939.05554,950.0,795.0,1069.0,24.2,20.0,29.18,373.13,-50.65,365.45,449.46,304.46,3,32.0056,15.47,23.62368,1.97,14.5,66.0,8.5,4.07,19.15,1.6,-0.69,13.93,52.3,34.2,-17.84,756.09,865.52,14.47,41.63,14.83,WEAK,2026-09-07,2027-09-07,28.659479728146238,69.74819899279598,25.55,51.13851992409867,13.74,63.94969069234247,100.0,39.74,468,7.16,Yüksek Risk / Zayıf,False
MOS,MOS,Mosaic Company (The),Materials,Fertilizers & Agricultural Chemicals,25.85,8217602560.0,26.46842,26.0,17.0,35.0,2.39,20.0,68.01,34.55,33.66,25.13,43.97,,2,16.097996,15.65,1.60579,-9.08,-6.0,,14.03,-5.21,-5.07,3.37,16.23,0.09,-17.98,44.83,-43.29,25.85,31.3,21.1,38.03,54.31,NEUTRAL,2026-09-07,2027-09-07,58.95405046480744,17.76423105692423,47.798,10.4,73.51,15.811196946577056,93.75,39.19,469,6.96,Yüksek Risk / Zayıf,False
EL,EL,Estée Lauder Companies (The),Consumer Staples,Personal Care Products,103.86,37576396800.0,107.03704,106.0,70.0,127.0,3.06,29.0,53.25,77.82,-25.07,60.54,70.51,102.43,3,26.538767,15.47,3.91352,4.82,6.3,,16.31,1.21,4.75,2.34,24.82,12.83,20.44,48.39,-43.62,103.86,120.33,15.86,47.12,24.85,NEUTRAL,2026-09-07,2027-09-07,45.537848605577686,29.913559654238615,33.757999999999996,39.669117647058826,68.39,25.291261976648887,93.75,39.11,470,6.76,Yüksek Risk / Zayıf,False
IBKR,IBKR,Interactive Brokers,Financials,Investment Banking & Brokerage,92.62,157807394816.0,105.73846,109.0,70.0,121.0,14.16,14.0,48.23,42.42,-54.2,42.42,,,1,29.1213,13.34,3.18049,,26.3,35.3,0.0,16.47,24.02,,9.84,39.13,44.7,39.98,-18.7,92.62,116.39,25.66,54.18,67.94,NEUTRAL,2026-09-07,2027-09-07,20.013280212483398,40.049800199200796,62.43599999999999,55.726532165968784,14.53,43.63544849805643,87.5,39.09,471,6.56,Yüksek Risk / Zayıf,False
CVNA,CVNA,Carvana,Consumer Discretionary,Automotive Retail,74.59,82680307712.0,82.975,83.0,60.0,120.0,11.24,24.0,72.31,25.47,-65.85,37.95,28.94,9.52,3,32.974075,16.78,2.26208,0.51,52.4,61.5,10.02,6.26,58.77,1.02,12.15,17.39,0.75,61.91,-41.21,74.59,96.74,29.7,46.89,78.36,NEUTRAL,2026-09-07,2027-09-07,23.684392863329293,37.06478825915303,65.77199999999999,51.96705725151608,0.0,24.10193043758512,100.0,38.78,472,6.36,Yüksek Risk / Zayıf,False
AXON,AXON,Axon Enterprise,Industrials,Aerospace & Defense,515.67,41891696640.0,693.40424,700.0,409.68,830.0,34.47,21.0,60.62,104.99,-79.64,212.32,19.52,83.12,3,48.835297,20.11,10.55937,0.53,35.3,-18.2,5.13,6.19,6.22,7.01,6.08,-10.16,-29.38,61.73,-55.51,515.67,654.78,26.98,50.13,72.75,NEUTRAL,2026-09-07,2027-09-07,21.61026778960109,67.85979143916576,63.702,23.032901091374157,0.0,7.296700757379572,100.0,38.72,473,6.16,Yüksek Risk / Zayıf,False
CRWD,CRWD,CrowdStrike,Information Technology,Systems Software,213.1,218200522752.0,231.54,240.0,119.0,300.0,8.65,52.0,78.17,31.95,-85.01,29.0,6.15,60.71,3,132.8885,18.08,1.6036,0.91,25.8,,1.98,0.83,1.46,-39.24,27.03,98.7,106.66,54.03,-37.18,213.1,353.69,65.97,62.92,96.99,STRONG,2026-09-07,2027-09-07,24.468154778147685,38.51847407389629,83.362,19.24161207067699,0.0,34.325447103253595,93.75,38.53,474,5.96,Yüksek Risk / Zayıf,False
VTR,VTR,Ventas,Real Estate,Health Care REITs,90.27,46303666176.0,101.86364,102.0,90.0,113.0,12.84,23.0,22.58,53.54,-40.69,27.04,62.8,70.79,3,114.265816,34.23,0.79,3.21,21.7,-6.7,37.09,4.09,2.01,5.34,10.7,7.67,36.71,22.41,-13.5,90.27,102.69,13.76,43.27,8.52,WEAK,2026-09-07,2027-09-07,34.00796812749004,55.80650322601291,22.42,34.69135802469136,37.81,80.8854488300657,100.0,38.3,475,5.77,Yüksek Risk / Zayıf,False
TECH,TECH,Bio-Techne,Health Care,Life Sciences Tools & Services,72.43,11358345216.0,70.72727,73.0,50.0,73.0,-2.35,14.0,32.52,36.58,-49.5,39.23,31.81,38.69,3,31.404873,17.01,2.30633,2.02,1.3,,27.5,14.97,9.03,0.07,39.47,34.8,37.64,46.59,-39.26,72.43,95.55,31.92,52.29,81.76,NEUTRAL,2026-09-07,2027-09-07,27.392801674657303,18.406513626054505,69.97200000000001,34.32517263025737,36.36,44.097789738660154,93.75,38.28,476,5.57,Yüksek Risk / Zayıf,False
XYZ,XYZ,"Block, Inc.",Financials,Transaction & Payment Processing Services,82.76,49721794560.0,98.14634,98.0,75.0,125.0,18.59,46.0,50.94,50.25,-39.28,68.76,31.74,,2,16.05363,13.34,5.15522,-0.05,9.3,-83.3,6.18,1.43,1.61,0.28,21.44,24.77,9.25,46.9,-39.48,82.76,98.56,19.09,51.97,43.69,NEUTRAL,2026-09-07,2027-09-07,23.33502867960781,65.03286013144051,47.001999999999995,16.653433475429278,35.45,32.52794079433441,100.0,38.26,477,5.37,Yüksek Risk / Zayıf,False
LYV,LYV,Live Nation Entertainment,Communication Services,Movies & Entertainment,173.5,40418471936.0,201.95833,209.0,145.0,222.0,16.4,25.0,38.13,83.48,-51.88,27.37,76.52,146.55,3,91.89132,14.5,1.8881,4.19,9.4,156.2,5.9,0.51,17.68,1.43,8.39,11.13,6.45,31.4,-27.84,173.5,200.02,15.29,38.33,19.74,WEAK,2026-09-07,2027-09-07,33.94422310756972,59.76531906127625,27.176000000000002,45.6439393939394,16.98,48.39086722152057,100.0,38.2,478,5.17,Yüksek Risk / Zayıf,False
MLM,MLM,Martin Marietta Materials,Materials,Construction Materials,514.77,36558651392.0,661.5417,671.0,440.0,800.0,28.51,24.0,54.42,286.06,-44.43,336.88,256.46,264.82,3,23.913116,15.65,21.52668,1.62,21.0,-23.2,31.79,36.74,8.89,2.93,-10.46,-15.35,-16.37,28.22,-28.39,514.77,576.4,11.97,28.98,3.61,WEAK,2026-09-07,2027-09-07,32.65179282868526,68.16699266797067,13.758000000000001,57.18518518518518,20.75,40.56392307477779,100.0,37.92,479,4.97,Yüksek Risk / Zayıf,False
CHD,CHD,Church & Dwight,Consumer Staples,Household Products,98.55,23376445440.0,105.36842,107.0,78.0,115.0,6.92,21.0,35.11,69.01,-29.98,62.49,63.56,80.98,3,24.395376,15.47,4.0397,4.02,1.6,9.0,21.75,11.96,17.04,1.6,2.18,-1.52,4.83,23.19,-14.61,98.55,110.52,12.14,34.46,3.91,WEAK,2026-09-07,2027-09-07,40.31638153269276,33.390853563414254,16.130000000000003,50.20754269449716,58.3,73.85777724317774,100.0,37.84,480,4.77,Yüksek Risk / Zayıf,False
FDXF,FDXF,FedEx Freight,Industrials,Cargo Ground Transportation,129.45,19355121664.0,169.41667,176.0,108.0,200.0,30.87,12.0,54.3,85.33,-34.08,101.62,69.05,,2,25.614641,20.11,5.05375,-2.64,4.8,-61.1,11.24,7.45,69.09,6.18,-22.87,,,72.52,-32.82,129.45,,,,,,,,24.96932102812379,59.49267797071188,50.0,27.40764189335624,33.98,15.119696552587309,87.5,37.45,481,4.57,Yüksek Risk / Zayıf,False
MTD,MTD,Mettler Toledo,Health Care,Life Sciences Tools & Services,1345.26,26954383360.0,1451.9231,1460.0,1200.0,1600.0,7.93,14.0,27.55,881.67,-34.46,879.34,851.12,914.56,3,26.019684,17.01,51.70163,2.57,4.5,18.3,30.86,21.91,,1.64,16.54,11.21,4.46,31.77,-31.9,1345.26,1555.01,15.59,36.05,23.25,NEUTRAL,2026-09-07,2027-09-07,35.163751772570734,33.63697454789819,28.369999999999997,50.81978554133518,51.13,52.50770616436822,93.75,37.26,482,4.37,Yüksek Risk / Zayıf,False
ADM,ADM,Archer Daniels Midland,Consumer Staples,Agricultural Products & Services,84.61,40778600448.0,78.7,78.0,60.0,95.0,-6.98,11.0,44.47,66.48,-21.43,88.03,62.0,49.42,3,14.869425,15.47,5.6902,2.86,7.2,315.6,3.65,2.16,7.64,2.75,5.22,27.09,40.59,27.3,-12.29,84.61,96.69,14.27,42.51,13.43,WEAK,2026-09-07,2027-09-07,41.90766346379189,11.137324549298198,25.062,44.37658127767236,83.17,57.33879758112881,100.0,36.81,483,4.17,Yüksek Risk / Zayıf,False
HLT,HLT,Hilton Worldwide,Consumer Discretionary,"Hotels, Resorts & Cruise Lines",311.18,70035701760.0,352.84616,361.5,270.0,394.0,13.39,28.0,35.14,153.66,-50.62,175.4,131.53,154.06,3,29.763094,16.78,10.45523,1.99,2.5,14.1,60.5,31.03,,4.21,-9.26,4.29,12.13,23.75,-11.2,311.18,353.61,13.64,39.36,7.41,WEAK,2026-09-07,2027-09-07,28.57439805993418,54.986819947279784,20.189999999999998,59.957530905727026,21.35,61.70702938807695,93.75,36.7,484,3.98,Yüksek Risk / Zayıf,False
PKG,PKG,Packaging Corporation of America,Materials,Paper & Plastic Packaging Products & Materials,237.25,21138571264.0,260.5,270.0,167.0,312.0,9.8,11.0,55.66,190.61,-19.66,202.45,215.36,154.02,3,18.339737,15.65,12.93639,2.05,14.7,-19.5,20.98,7.26,14.89,1.91,7.18,7.96,12.18,27.92,-17.21,237.25,264.07,11.3,26.65,2.2,WEAK,2026-09-07,2027-09-07,46.04780876494024,24.72449889799559,11.98,47.444444444444436,69.01,56.68181093797934,100.0,36.3,485,3.78,Yüksek Risk / Zayıf,False
KMI,KMI,Kinder Morgan,Energy,Oil & Gas Storage & Transportation,31.4,69921587200.0,36.05,36.0,31.0,43.0,14.81,22.0,33.29,15.32,-51.22,21.55,16.19,8.21,3,20.436056,14.03,1.5365,1.54,10.8,21.2,42.51,19.3,10.99,4.23,0.04,-4.75,22.28,20.6,-10.08,31.4,36.18,15.23,34.34,19.04,WEAK,2026-09-07,2027-09-07,29.89755264655663,54.82877931511726,25.160000000000004,40.476190476190474,19.29,65.33190398595164,100.0,36.0,486,3.58,Yüksek Risk / Zayıf,False
KO,KO,Coca-Cola Company (The),Consumer Staples,Soft Drinks & Non-alcoholic Beverages,88.07,378925481984.0,94.69565,96.0,75.0,104.0,7.52,24.0,30.62,41.06,-53.38,54.55,43.82,24.8,3,24.974619,15.47,3.52638,1.38,6.7,16.9,33.91,28.56,42.05,1.64,11.52,15.85,32.69,18.68,-7.87,88.07,99.38,12.85,39.07,5.01,WEAK,2026-09-07,2027-09-07,26.05812045933911,40.53172212688851,18.634,68.80732131562301,20.98,81.90984940293404,100.0,35.79,487,3.38,Yüksek Risk / Zayıf,False
CPT,CPT,Camden Property Trust,Real Estate,Multi-Family Residential REITs,105.69,12231776256.0,117.375,117.0,105.0,132.0,11.06,24.0,23.0,56.95,-46.12,37.31,104.06,29.47,3,96.9633,34.23,1.09,1.14,-0.8,-75.7,56.51,20.62,7.89,5.4,-5.28,1.22,-0.31,19.64,-12.94,105.69,121.13,14.61,38.69,15.83,WEAK,2026-09-07,2027-09-07,28.762284196547146,51.37340549362197,24.973999999999997,30.493827160493826,30.68,81.98849322236255,100.0,35.45,488,3.18,Yüksek Risk / Zayıf,False
WY,WY,Weyerhaeuser,Real Estate,Timber REITs,23.02,16591342592.0,31.0,30.0,28.0,38.0,34.67,12.0,32.26,11.56,-49.8,23.02,11.19,0.46,3,34.232517,34.23,0.67246,0.08,-0.9,87.1,10.04,6.89,4.97,7.15,-5.1,-3.53,-6.62,26.5,-18.36,23.02,26.6,15.56,36.92,22.85,NEUTRAL,2026-09-07,2027-09-07,26.233731739707835,70.07384029536118,28.478,26.975308641975307,8.65,55.43002173996767,100.0,35.38,489,2.98,Yüksek Risk / Zayıf,False
TTWO,TTWO,Take-Two Interactive,Communication Services,Interactive Home Entertainment,214.69,40142831616.0,286.89,290.0,170.0,368.0,33.63,29.0,69.02,110.55,-48.51,149.34,46.99,135.31,3,20.841627,14.5,10.30102,3.13,2.0,,11.46,-4.79,-9.04,1.46,0.14,1.51,-10.79,32.46,-27.68,214.69,247.32,15.2,35.32,18.84,WEAK,2026-09-07,2027-09-07,34.42563081009296,73.8013352053408,25.432000000000002,21.666666666666664,11.26,36.887023716086915,93.75,35.27,490,2.78,Yüksek Risk / Zayıf,False
TSLA,TSLA,"Tesla, Inc.",Consumer Discretionary,Automobile Manufacturers,354.08,1398455795712.0,390.09283,410.0,125.0,600.0,10.17,46.0,121.77,37.07,-89.53,36.21,44.53,30.46,3,164.03375,16.78,2.15858,0.35,25.5,-3.0,10.38,3.67,4.67,-2.55,-9.44,-10.75,4.59,47.43,-39.1,354.08,448.17,26.57,45.66,71.14,NEUTRAL,2026-09-07,2027-09-07,22.29343495582886,38.940675762703044,60.94799999999999,30.243072102461554,0.0,32.563414761505584,100.0,34.76,491,2.58,Yüksek Risk / Zayıf,False
OKE,OKE,Oneok,Energy,Oil & Gas Storage & Transportation,95.43,60156178432.0,99.94444,101.0,89.0,111.0,4.73,20.0,22.01,56.12,-41.2,87.2,56.87,24.28,3,15.34844,14.03,6.21757,1.5,52.8,14.2,19.48,9.29,16.28,4.28,9.43,12.42,35.27,26.61,-11.86,95.43,108.61,13.81,41.09,8.82,WEAK,2026-09-07,2027-09-07,32.530829064693606,36.7622270489082,21.728,41.269841269841265,43.84,64.69302801380476,100.0,34.73,492,2.39,Yüksek Risk / Zayıf,False
FAST,FAST,Fastenal,Industrials,Trading Companies & Distributors,49.6,56915877888.0,48.53077,47.0,39.9,59.0,-2.16,18.0,39.36,26.85,-45.87,28.17,28.11,24.27,3,35.40657,20.11,1.40087,1.61,14.7,14.6,22.34,15.45,34.33,0.12,6.59,7.92,0.81,25.83,-19.75,49.6,57.47,15.87,40.17,25.05,NEUTRAL,2026-09-07,2027-09-07,28.10681325331585,18.873715494861983,31.098,55.76341341381516,42.48,70.02504196192413,100.0,34.69,493,2.09,Yüksek Risk / Zayıf,False
SBUX,SBUX,Starbucks,Consumer Discretionary,Restaurants,104.47,119095803904.0,112.22581,112.0,81.0,143.0,7.42,36.0,55.25,56.98,-45.46,52.27,51.78,66.89,3,33.531693,16.78,3.11556,2.57,-1.4,85.7,14.72,5.17,,3.34,10.26,6.76,23.13,27.68,-14.51,104.47,121.49,16.29,41.27,28.46,NEUTRAL,2026-09-07,2027-09-07,32.7801836133726,37.3813895255581,33.584,35.642082247077624,34.7,49.3422210946151,93.75,34.69,493,2.09,Yüksek Risk / Zayıf,False
WELL,WELL,Welltower,Real Estate,Health Care REITs,236.17,170177495040.0,261.5909,260.5,219.0,292.0,10.76,22.0,27.91,88.37,-62.58,108.86,62.85,93.41,3,74.267296,34.23,3.18,1.62,39.1,35.6,26.17,12.15,3.84,5.32,14.56,16.44,42.92,22.89,-12.61,236.17,273.86,15.96,47.03,25.65,NEUTRAL,2026-09-07,2027-09-07,24.8871181938911,46.01114404457618,34.202,42.654320987654316,1.01,78.61137450514016,100.0,34.4,495,1.79,Yüksek Risk / Zayıf,False
IFF,IFF,International Flavors & Fragrances,Materials,Specialty Chemicals,86.35,22032199680.0,95.65556,95.5,76.0,105.0,10.78,20.0,30.32,62.83,-27.24,61.91,63.75,,2,21.828873,15.65,3.95577,-7.81,1.8,-91.6,17.73,2.57,-5.55,2.99,18.9,18.37,34.96,35.75,-19.26,86.35,99.46,15.19,41.09,18.64,WEAK,2026-09-07,2027-09-07,29.395484727755644,42.85441141764567,27.620000000000005,20.25925925925926,58.58,50.53468368147826,100.0,34.25,496,1.59,Yüksek Risk / Zayıf,False
APD,APD,Air Products,Materials,Industrial Gases,301.27,67088470016.0,343.6316,350.0,314.0,365.0,14.06,21.0,14.84,194.29,-35.51,225.91,162.67,,2,20.87038,15.65,14.43529,-2.23,4.6,,36.92,-0.38,0.02,3.71,7.36,12.07,6.67,26.81,-21.13,301.27,340.09,12.88,30.53,5.41,WEAK,2026-09-07,2027-09-07,25.653652058432932,58.40087360349441,15.458000000000002,34.4,44.47,58.55665207153871,93.75,33.85,497,1.39,Yüksek Risk / Zayıf,False
COST,COST,Costco,Consumer Staples,Consumer Staples Merchandise Retail,915.74,406111289344.0,1072.2,1100.0,740.0,1315.0,17.09,39.0,53.63,356.22,-61.1,350.05,397.93,320.68,3,40.46899,15.47,22.62819,1.71,21.5,45.5,4.7,3.01,29.15,-0.07,-5.63,-7.97,-3.64,19.94,-16.57,915.74,1036.22,13.16,33.11,6.01,WEAK,2026-09-07,2027-09-07,24.6144832434966,61.007284029136116,16.85,50.32515022137887,0.0,71.64283250163056,100.0,33.7,498,1.19,Yüksek Risk / Zayıf,False
WMB,WMB,Williams Companies,Energy,Oil & Gas Storage & Transportation,74.15,90697867264.0,85.47368,86.0,69.0,103.0,15.27,20.0,39.78,31.49,-57.54,36.48,26.5,,2,28.510897,14.03,2.60076,-1.67,7.8,51.2,57.07,24.94,21.5,4.35,3.8,1.34,32.86,24.09,-12.36,74.15,85.04,14.68,37.32,16.63,WEAK,2026-09-07,2027-09-07,16.795674445076834,50.6500026000104,24.906,53.17460317460316,7.69,55.36839085726124,100.0,32.07,499,0.99,Yüksek Risk / Zayıf,False
TRGP,TRGP,Targa Resources,Energy,Oil & Gas Storage & Transportation,290.05,62195716096.0,313.1,311.0,257.0,351.0,7.95,21.0,30.02,104.54,-63.96,169.42,138.99,5.22,3,24.011576,14.03,12.07959,0.11,4.2,23.3,32.84,13.54,70.84,3.54,10.34,23.47,77.91,29.47,-16.01,290.05,336.69,16.08,38.24,26.85,NEUTRAL,2026-09-07,2027-09-07,24.171883892999432,39.30267721070884,31.406,46.03174603174603,0.12,55.9291758751812,100.0,31.47,500,0.8,Yüksek Risk / Zayıf,False
WMT,WMT,Walmart,Consumer Staples,Consumer Staples Merchandise Retail,107.14,852628602880.0,127.725,130.0,81.0,155.0,19.21,43.0,57.94,43.61,-59.3,49.98,62.52,18.32,3,33.16032,15.47,3.23097,0.84,5.9,-9.1,5.99,3.0,22.31,1.44,-9.66,-12.91,7.05,25.97,-23.34,107.14,118.74,10.82,34.07,1.8,WEAK,2026-09-07,2027-09-07,23.208343098195453,63.97193588774355,14.708,34.264310562934845,1.81,56.48910966594633,100.0,30.42,501,0.6,Yüksek Risk / Zayıf,False
CLX,CLX,Clorox,Consumer Staples,Household Products,93.06,11253838848.0,101.64706,100.0,77.0,154.0,9.23,19.0,75.75,63.62,-31.64,97.28,74.91,18.66,3,14.79877,15.47,6.28836,0.98,-2.0,-50.1,16.96,8.73,163.76,4.79,0.01,-16.86,-21.85,30.55,-31.42,93.06,102.73,10.39,34.17,0.8,WEAK,2026-09-07,2027-09-07,33.47785329271151,26.605506422025687,14.148000000000001,37.31914136622391,53.98,25.649164074845984,100.0,29.51,502,0.4,Yüksek Risk / Zayıf,False
MRNA,MRNA,Moderna,Health Care,Biotechnology,145.55,58108788736.0,116.5,125.0,45.0,170.0,-19.96,23.0,107.3,19.8,-86.39,,,19.8,1,-31.692497,17.01,-4.59257,0.51,2.1,,-98.52,-141.43,-39.0,,206.81,177.13,499.46,192.11,-34.16,145.55,237.29,63.03,71.9,95.99,STRONG,2026-09-07,2027-09-07,7.583676593062776,12.079048316193266,86.354,4.099183929692404,0.0,9.9493885053075,87.5,26.0,503,0.2,Yüksek Risk / Zayıf,False
